ERROR 2026-03-14 12:45:03,563 middleware Erro ao criar log de auditoria: no such table: core_logauditoria
ERROR 2026-03-14 13:10:49,344 middleware Erro ao criar log de auditoria: no such table: core_logauditoria
ERROR 2026-03-14 13:19:50,806 log Internal Server Error: /destinos/52ad1b40-fe72-49f2-81e3-0c46a261f80f/
Traceback (most recent call last):
  File "C:\Users\rapha\OneDrive\Documentos\GitHub\viajantes_conectados\.venv\Lib\site-packages\asgiref\sync.py", line 555, in thread_handler
    raise exc_info[1]
  File "C:\Users\rapha\OneDrive\Documentos\GitHub\viajantes_conectados\.venv\Lib\site-packages\django\core\handlers\exception.py", line 42, in inner
    response = await get_response(request)
               ^^^^^^^^^^^^^^^^^^^^^^^^^^^
  File "C:\Users\rapha\OneDrive\Documentos\GitHub\viajantes_conectados\.venv\Lib\site-packages\asgiref\sync.py", line 555, in thread_handler
    raise exc_info[1]
  File "C:\Users\rapha\OneDrive\Documentos\GitHub\viajantes_conectados\.venv\Lib\site-packages\django\core\handlers\base.py", line 253, in _get_response_async
    response = await wrapped_callback(
               ^^^^^^^^^^^^^^^^^^^^^^^
  File "C:\Users\rapha\OneDrive\Documentos\GitHub\viajantes_conectados\.venv\Lib\site-packages\asgiref\sync.py", line 504, in __call__
    ret = await asyncio.shield(exec_coro)
          ^^^^^^^^^^^^^^^^^^^^^^^^^^^^^^^
  File "C:\Users\rapha\OneDrive\Documentos\GitHub\viajantes_conectados\.venv\Lib\site-packages\asgiref\current_thread_executor.py", line 40, in run
    result = self.fn(*self.args, **self.kwargs)
             ^^^^^^^^^^^^^^^^^^^^^^^^^^^^^^^^^^
  File "C:\Users\rapha\OneDrive\Documentos\GitHub\viajantes_conectados\.venv\Lib\site-packages\asgiref\sync.py", line 559, in thread_handler
    return func(*args, **kwargs)
           ^^^^^^^^^^^^^^^^^^^^^
  File "C:\Users\rapha\OneDrive\Documentos\GitHub\viajantes_conectados\.venv\Lib\site-packages\django\contrib\auth\decorators.py", line 23, in _wrapper_view
    return view_func(request, *args, **kwargs)
           ^^^^^^^^^^^^^^^^^^^^^^^^^^^^^^^^^^^
  File "C:\Users\rapha\OneDrive\Documentos\GitHub\viajantes_conectados\.venv\Lib\site-packages\django\views\decorators\http.py", line 63, in inner
    return func(request, *args, **kwargs)
           ^^^^^^^^^^^^^^^^^^^^^^^^^^^^^^
  File "C:\Users\rapha\OneDrive\Documentos\GitHub\viajantes_conectados\apps\destinos\views.py", line 448, in view_detalhes_plano
    return render(request, 'destinos/detalhes_plano.html', contexto)
           ^^^^^^^^^^^^^^^^^^^^^^^^^^^^^^^^^^^^^^^^^^^^^^^^^^^^^^^^^
  File "C:\Users\rapha\OneDrive\Documentos\GitHub\viajantes_conectados\.venv\Lib\site-packages\django\shortcuts.py", line 24, in render
    content = loader.render_to_string(template_name, context, request, using=using)
              ^^^^^^^^^^^^^^^^^^^^^^^^^^^^^^^^^^^^^^^^^^^^^^^^^^^^^^^^^^^^^^^^^^^^^
  File "C:\Users\rapha\OneDrive\Documentos\GitHub\viajantes_conectados\.venv\Lib\site-packages\django\template\loader.py", line 62, in render_to_string
    return template.render(context, request)
           ^^^^^^^^^^^^^^^^^^^^^^^^^^^^^^^^^
  File "C:\Users\rapha\OneDrive\Documentos\GitHub\viajantes_conectados\.venv\Lib\site-packages\django\template\backends\django.py", line 61, in render
    return self.template.render(context)
           ^^^^^^^^^^^^^^^^^^^^^^^^^^^^^
  File "C:\Users\rapha\OneDrive\Documentos\GitHub\viajantes_conectados\.venv\Lib\site-packages\django\template\base.py", line 171, in render
    return self._render(context)
           ^^^^^^^^^^^^^^^^^^^^^
  File "C:\Users\rapha\OneDrive\Documentos\GitHub\viajantes_conectados\.venv\Lib\site-packages\django\template\base.py", line 163, in _render
    return self.nodelist.render(context)
           ^^^^^^^^^^^^^^^^^^^^^^^^^^^^^
  File "C:\Users\rapha\OneDrive\Documentos\GitHub\viajantes_conectados\.venv\Lib\site-packages\django\template\base.py", line 1000, in render
    return SafeString("".join([node.render_annotated(context) for node in self]))
                               ^^^^^^^^^^^^^^^^^^^^^^^^^^^^^^
  File "C:\Users\rapha\OneDrive\Documentos\GitHub\viajantes_conectados\.venv\Lib\site-packages\django\template\base.py", line 961, in render_annotated
    return self.render(context)
           ^^^^^^^^^^^^^^^^^^^^
  File "C:\Users\rapha\OneDrive\Documentos\GitHub\viajantes_conectados\.venv\Lib\site-packages\django\template\loader_tags.py", line 159, in render
    return compiled_parent._render(context)
           ^^^^^^^^^^^^^^^^^^^^^^^^^^^^^^^^
  File "C:\Users\rapha\OneDrive\Documentos\GitHub\viajantes_conectados\.venv\Lib\site-packages\django\template\base.py", line 163, in _render
    return self.nodelist.render(context)
           ^^^^^^^^^^^^^^^^^^^^^^^^^^^^^
  File "C:\Users\rapha\OneDrive\Documentos\GitHub\viajantes_conectados\.venv\Lib\site-packages\django\template\base.py", line 1000, in render
    return SafeString("".join([node.render_annotated(context) for node in self]))
                               ^^^^^^^^^^^^^^^^^^^^^^^^^^^^^^
  File "C:\Users\rapha\OneDrive\Documentos\GitHub\viajantes_conectados\.venv\Lib\site-packages\django\template\base.py", line 961, in render_annotated
    return self.render(context)
           ^^^^^^^^^^^^^^^^^^^^
  File "C:\Users\rapha\OneDrive\Documentos\GitHub\viajantes_conectados\.venv\Lib\site-packages\django\template\loader_tags.py", line 65, in render
    result = block.nodelist.render(context)
             ^^^^^^^^^^^^^^^^^^^^^^^^^^^^^^
  File "C:\Users\rapha\OneDrive\Documentos\GitHub\viajantes_conectados\.venv\Lib\site-packages\django\template\base.py", line 1000, in render
    return SafeString("".join([node.render_annotated(context) for node in self]))
                               ^^^^^^^^^^^^^^^^^^^^^^^^^^^^^^
  File "C:\Users\rapha\OneDrive\Documentos\GitHub\viajantes_conectados\.venv\Lib\site-packages\django\template\base.py", line 961, in render_annotated
    return self.render(context)
           ^^^^^^^^^^^^^^^^^^^^
  File "C:\Users\rapha\OneDrive\Documentos\GitHub\viajantes_conectados\.venv\Lib\site-packages\django\template\defaulttags.py", line 325, in render
    return nodelist.render(context)
           ^^^^^^^^^^^^^^^^^^^^^^^^
  File "C:\Users\rapha\OneDrive\Documentos\GitHub\viajantes_conectados\.venv\Lib\site-packages\django\template\base.py", line 1000, in render
    return SafeString("".join([node.render_annotated(context) for node in self]))
                               ^^^^^^^^^^^^^^^^^^^^^^^^^^^^^^
  File "C:\Users\rapha\OneDrive\Documentos\GitHub\viajantes_conectados\.venv\Lib\site-packages\django\template\base.py", line 961, in render_annotated
    return self.render(context)
           ^^^^^^^^^^^^^^^^^^^^
  File "C:\Users\rapha\OneDrive\Documentos\GitHub\viajantes_conectados\.venv\Lib\site-packages\django\template\defaulttags.py", line 325, in render
    return nodelist.render(context)
           ^^^^^^^^^^^^^^^^^^^^^^^^
  File "C:\Users\rapha\OneDrive\Documentos\GitHub\viajantes_conectados\.venv\Lib\site-packages\django\template\base.py", line 1000, in render
    return SafeString("".join([node.render_annotated(context) for node in self]))
                               ^^^^^^^^^^^^^^^^^^^^^^^^^^^^^^
  File "C:\Users\rapha\OneDrive\Documentos\GitHub\viajantes_conectados\.venv\Lib\site-packages\django\template\base.py", line 961, in render_annotated
    return self.render(context)
           ^^^^^^^^^^^^^^^^^^^^
  File "C:\Users\rapha\OneDrive\Documentos\GitHub\viajantes_conectados\.venv\Lib\site-packages\django\template\defaulttags.py", line 478, in render
    url = reverse(view_name, args=args, kwargs=kwargs, current_app=current_app)
          ^^^^^^^^^^^^^^^^^^^^^^^^^^^^^^^^^^^^^^^^^^^^^^^^^^^^^^^^^^^^^^^^^^^^^
  File "C:\Users\rapha\OneDrive\Documentos\GitHub\viajantes_conectados\.venv\Lib\site-packages\django\urls\base.py", line 88, in reverse
    return resolver._reverse_with_prefix(view, prefix, *args, **kwargs)
           ^^^^^^^^^^^^^^^^^^^^^^^^^^^^^^^^^^^^^^^^^^^^^^^^^^^^^^^^^^^^
  File "C:\Users\rapha\OneDrive\Documentos\GitHub\viajantes_conectados\.venv\Lib\site-packages\django\urls\resolvers.py", line 848, in _reverse_with_prefix
    raise NoReverseMatch(msg)
django.urls.exceptions.NoReverseMatch: Reverse for 'editar_plano' with arguments '(2,)' not found. 1 pattern(s) tried: ['destinos/(?P<uuid>[0-9a-f]{8}-[0-9a-f]{4}-[0-9a-f]{4}-[0-9a-f]{4}-[0-9a-f]{12})/editar/\\Z']
ERROR 2026-03-14 13:19:50,816 runserver [35;1mHTTP GET /destinos/52ad1b40-fe72-49f2-81e3-0c46a261f80f/ 500 [0.07, 127.0.0.1:58965][0m
ERROR 2026-03-14 13:21:15,996 log Internal Server Error: /destinos/52ad1b40-fe72-49f2-81e3-0c46a261f80f/
Traceback (most recent call last):
  File "C:\Users\rapha\OneDrive\Documentos\GitHub\viajantes_conectados\.venv\Lib\site-packages\asgiref\sync.py", line 555, in thread_handler
    raise exc_info[1]
  File "C:\Users\rapha\OneDrive\Documentos\GitHub\viajantes_conectados\.venv\Lib\site-packages\django\core\handlers\exception.py", line 42, in inner
    response = await get_response(request)
               ^^^^^^^^^^^^^^^^^^^^^^^^^^^
  File "C:\Users\rapha\OneDrive\Documentos\GitHub\viajantes_conectados\.venv\Lib\site-packages\asgiref\sync.py", line 555, in thread_handler
    raise exc_info[1]
  File "C:\Users\rapha\OneDrive\Documentos\GitHub\viajantes_conectados\.venv\Lib\site-packages\django\core\handlers\base.py", line 253, in _get_response_async
    response = await wrapped_callback(
               ^^^^^^^^^^^^^^^^^^^^^^^
  File "C:\Users\rapha\OneDrive\Documentos\GitHub\viajantes_conectados\.venv\Lib\site-packages\asgiref\sync.py", line 504, in __call__
    ret = await asyncio.shield(exec_coro)
          ^^^^^^^^^^^^^^^^^^^^^^^^^^^^^^^
  File "C:\Users\rapha\OneDrive\Documentos\GitHub\viajantes_conectados\.venv\Lib\site-packages\asgiref\current_thread_executor.py", line 40, in run
    result = self.fn(*self.args, **self.kwargs)
             ^^^^^^^^^^^^^^^^^^^^^^^^^^^^^^^^^^
  File "C:\Users\rapha\OneDrive\Documentos\GitHub\viajantes_conectados\.venv\Lib\site-packages\asgiref\sync.py", line 559, in thread_handler
    return func(*args, **kwargs)
           ^^^^^^^^^^^^^^^^^^^^^
  File "C:\Users\rapha\OneDrive\Documentos\GitHub\viajantes_conectados\.venv\Lib\site-packages\django\contrib\auth\decorators.py", line 23, in _wrapper_view
    return view_func(request, *args, **kwargs)
           ^^^^^^^^^^^^^^^^^^^^^^^^^^^^^^^^^^^
  File "C:\Users\rapha\OneDrive\Documentos\GitHub\viajantes_conectados\.venv\Lib\site-packages\django\views\decorators\http.py", line 63, in inner
    return func(request, *args, **kwargs)
           ^^^^^^^^^^^^^^^^^^^^^^^^^^^^^^
  File "C:\Users\rapha\OneDrive\Documentos\GitHub\viajantes_conectados\apps\destinos\views.py", line 448, in view_detalhes_plano
    return render(request, 'destinos/detalhes_plano.html', contexto)
           ^^^^^^^^^^^^^^^^^^^^^^^^^^^^^^^^^^^^^^^^^^^^^^^^^^^^^^^^^
  File "C:\Users\rapha\OneDrive\Documentos\GitHub\viajantes_conectados\.venv\Lib\site-packages\django\shortcuts.py", line 24, in render
    content = loader.render_to_string(template_name, context, request, using=using)
              ^^^^^^^^^^^^^^^^^^^^^^^^^^^^^^^^^^^^^^^^^^^^^^^^^^^^^^^^^^^^^^^^^^^^^
  File "C:\Users\rapha\OneDrive\Documentos\GitHub\viajantes_conectados\.venv\Lib\site-packages\django\template\loader.py", line 62, in render_to_string
    return template.render(context, request)
           ^^^^^^^^^^^^^^^^^^^^^^^^^^^^^^^^^
  File "C:\Users\rapha\OneDrive\Documentos\GitHub\viajantes_conectados\.venv\Lib\site-packages\django\template\backends\django.py", line 61, in render
    return self.template.render(context)
           ^^^^^^^^^^^^^^^^^^^^^^^^^^^^^
  File "C:\Users\rapha\OneDrive\Documentos\GitHub\viajantes_conectados\.venv\Lib\site-packages\django\template\base.py", line 171, in render
    return self._render(context)
           ^^^^^^^^^^^^^^^^^^^^^
  File "C:\Users\rapha\OneDrive\Documentos\GitHub\viajantes_conectados\.venv\Lib\site-packages\django\template\base.py", line 163, in _render
    return self.nodelist.render(context)
           ^^^^^^^^^^^^^^^^^^^^^^^^^^^^^
  File "C:\Users\rapha\OneDrive\Documentos\GitHub\viajantes_conectados\.venv\Lib\site-packages\django\template\base.py", line 1000, in render
    return SafeString("".join([node.render_annotated(context) for node in self]))
                               ^^^^^^^^^^^^^^^^^^^^^^^^^^^^^^
  File "C:\Users\rapha\OneDrive\Documentos\GitHub\viajantes_conectados\.venv\Lib\site-packages\django\template\base.py", line 961, in render_annotated
    return self.render(context)
           ^^^^^^^^^^^^^^^^^^^^
  File "C:\Users\rapha\OneDrive\Documentos\GitHub\viajantes_conectados\.venv\Lib\site-packages\django\template\loader_tags.py", line 159, in render
    return compiled_parent._render(context)
           ^^^^^^^^^^^^^^^^^^^^^^^^^^^^^^^^
  File "C:\Users\rapha\OneDrive\Documentos\GitHub\viajantes_conectados\.venv\Lib\site-packages\django\template\base.py", line 163, in _render
    return self.nodelist.render(context)
           ^^^^^^^^^^^^^^^^^^^^^^^^^^^^^
  File "C:\Users\rapha\OneDrive\Documentos\GitHub\viajantes_conectados\.venv\Lib\site-packages\django\template\base.py", line 1000, in render
    return SafeString("".join([node.render_annotated(context) for node in self]))
                               ^^^^^^^^^^^^^^^^^^^^^^^^^^^^^^
  File "C:\Users\rapha\OneDrive\Documentos\GitHub\viajantes_conectados\.venv\Lib\site-packages\django\template\base.py", line 961, in render_annotated
    return self.render(context)
           ^^^^^^^^^^^^^^^^^^^^
  File "C:\Users\rapha\OneDrive\Documentos\GitHub\viajantes_conectados\.venv\Lib\site-packages\django\template\loader_tags.py", line 65, in render
    result = block.nodelist.render(context)
             ^^^^^^^^^^^^^^^^^^^^^^^^^^^^^^
  File "C:\Users\rapha\OneDrive\Documentos\GitHub\viajantes_conectados\.venv\Lib\site-packages\django\template\base.py", line 1000, in render
    return SafeString("".join([node.render_annotated(context) for node in self]))
                               ^^^^^^^^^^^^^^^^^^^^^^^^^^^^^^
  File "C:\Users\rapha\OneDrive\Documentos\GitHub\viajantes_conectados\.venv\Lib\site-packages\django\template\base.py", line 961, in render_annotated
    return self.render(context)
           ^^^^^^^^^^^^^^^^^^^^
  File "C:\Users\rapha\OneDrive\Documentos\GitHub\viajantes_conectados\.venv\Lib\site-packages\django\template\defaulttags.py", line 325, in render
    return nodelist.render(context)
           ^^^^^^^^^^^^^^^^^^^^^^^^
  File "C:\Users\rapha\OneDrive\Documentos\GitHub\viajantes_conectados\.venv\Lib\site-packages\django\template\base.py", line 1000, in render
    return SafeString("".join([node.render_annotated(context) for node in self]))
                               ^^^^^^^^^^^^^^^^^^^^^^^^^^^^^^
  File "C:\Users\rapha\OneDrive\Documentos\GitHub\viajantes_conectados\.venv\Lib\site-packages\django\template\base.py", line 961, in render_annotated
    return self.render(context)
           ^^^^^^^^^^^^^^^^^^^^
  File "C:\Users\rapha\OneDrive\Documentos\GitHub\viajantes_conectados\.venv\Lib\site-packages\django\template\defaulttags.py", line 478, in render
    url = reverse(view_name, args=args, kwargs=kwargs, current_app=current_app)
          ^^^^^^^^^^^^^^^^^^^^^^^^^^^^^^^^^^^^^^^^^^^^^^^^^^^^^^^^^^^^^^^^^^^^^
  File "C:\Users\rapha\OneDrive\Documentos\GitHub\viajantes_conectados\.venv\Lib\site-packages\django\urls\base.py", line 88, in reverse
    return resolver._reverse_with_prefix(view, prefix, *args, **kwargs)
           ^^^^^^^^^^^^^^^^^^^^^^^^^^^^^^^^^^^^^^^^^^^^^^^^^^^^^^^^^^^^
  File "C:\Users\rapha\OneDrive\Documentos\GitHub\viajantes_conectados\.venv\Lib\site-packages\django\urls\resolvers.py", line 848, in _reverse_with_prefix
    raise NoReverseMatch(msg)
django.urls.exceptions.NoReverseMatch: Reverse for 'excluir_plano' not found. 'excluir_plano' is not a valid view function or pattern name.
ERROR 2026-03-14 13:21:16,003 runserver [35;1mHTTP GET /destinos/52ad1b40-fe72-49f2-81e3-0c46a261f80f/ 500 [0.04, 127.0.0.1:59605][0m
ERROR 2026-03-14 13:21:20,392 log Internal Server Error: /destinos/52ad1b40-fe72-49f2-81e3-0c46a261f80f/
Traceback (most recent call last):
  File "C:\Users\rapha\OneDrive\Documentos\GitHub\viajantes_conectados\.venv\Lib\site-packages\asgiref\sync.py", line 555, in thread_handler
    raise exc_info[1]
  File "C:\Users\rapha\OneDrive\Documentos\GitHub\viajantes_conectados\.venv\Lib\site-packages\django\core\handlers\exception.py", line 42, in inner
    response = await get_response(request)
               ^^^^^^^^^^^^^^^^^^^^^^^^^^^
  File "C:\Users\rapha\OneDrive\Documentos\GitHub\viajantes_conectados\.venv\Lib\site-packages\asgiref\sync.py", line 555, in thread_handler
    raise exc_info[1]
  File "C:\Users\rapha\OneDrive\Documentos\GitHub\viajantes_conectados\.venv\Lib\site-packages\django\core\handlers\base.py", line 253, in _get_response_async
    response = await wrapped_callback(
               ^^^^^^^^^^^^^^^^^^^^^^^
  File "C:\Users\rapha\OneDrive\Documentos\GitHub\viajantes_conectados\.venv\Lib\site-packages\asgiref\sync.py", line 504, in __call__
    ret = await asyncio.shield(exec_coro)
          ^^^^^^^^^^^^^^^^^^^^^^^^^^^^^^^
  File "C:\Users\rapha\OneDrive\Documentos\GitHub\viajantes_conectados\.venv\Lib\site-packages\asgiref\current_thread_executor.py", line 40, in run
    result = self.fn(*self.args, **self.kwargs)
             ^^^^^^^^^^^^^^^^^^^^^^^^^^^^^^^^^^
  File "C:\Users\rapha\OneDrive\Documentos\GitHub\viajantes_conectados\.venv\Lib\site-packages\asgiref\sync.py", line 559, in thread_handler
    return func(*args, **kwargs)
           ^^^^^^^^^^^^^^^^^^^^^
  File "C:\Users\rapha\OneDrive\Documentos\GitHub\viajantes_conectados\.venv\Lib\site-packages\django\contrib\auth\decorators.py", line 23, in _wrapper_view
    return view_func(request, *args, **kwargs)
           ^^^^^^^^^^^^^^^^^^^^^^^^^^^^^^^^^^^
  File "C:\Users\rapha\OneDrive\Documentos\GitHub\viajantes_conectados\.venv\Lib\site-packages\django\views\decorators\http.py", line 63, in inner
    return func(request, *args, **kwargs)
           ^^^^^^^^^^^^^^^^^^^^^^^^^^^^^^
  File "C:\Users\rapha\OneDrive\Documentos\GitHub\viajantes_conectados\apps\destinos\views.py", line 448, in view_detalhes_plano
    return render(request, 'destinos/detalhes_plano.html', contexto)
           ^^^^^^^^^^^^^^^^^^^^^^^^^^^^^^^^^^^^^^^^^^^^^^^^^^^^^^^^^
  File "C:\Users\rapha\OneDrive\Documentos\GitHub\viajantes_conectados\.venv\Lib\site-packages\django\shortcuts.py", line 24, in render
    content = loader.render_to_string(template_name, context, request, using=using)
              ^^^^^^^^^^^^^^^^^^^^^^^^^^^^^^^^^^^^^^^^^^^^^^^^^^^^^^^^^^^^^^^^^^^^^
  File "C:\Users\rapha\OneDrive\Documentos\GitHub\viajantes_conectados\.venv\Lib\site-packages\django\template\loader.py", line 62, in render_to_string
    return template.render(context, request)
           ^^^^^^^^^^^^^^^^^^^^^^^^^^^^^^^^^
  File "C:\Users\rapha\OneDrive\Documentos\GitHub\viajantes_conectados\.venv\Lib\site-packages\django\template\backends\django.py", line 61, in render
    return self.template.render(context)
           ^^^^^^^^^^^^^^^^^^^^^^^^^^^^^
  File "C:\Users\rapha\OneDrive\Documentos\GitHub\viajantes_conectados\.venv\Lib\site-packages\django\template\base.py", line 171, in render
    return self._render(context)
           ^^^^^^^^^^^^^^^^^^^^^
  File "C:\Users\rapha\OneDrive\Documentos\GitHub\viajantes_conectados\.venv\Lib\site-packages\django\template\base.py", line 163, in _render
    return self.nodelist.render(context)
           ^^^^^^^^^^^^^^^^^^^^^^^^^^^^^
  File "C:\Users\rapha\OneDrive\Documentos\GitHub\viajantes_conectados\.venv\Lib\site-packages\django\template\base.py", line 1000, in render
    return SafeString("".join([node.render_annotated(context) for node in self]))
                               ^^^^^^^^^^^^^^^^^^^^^^^^^^^^^^
  File "C:\Users\rapha\OneDrive\Documentos\GitHub\viajantes_conectados\.venv\Lib\site-packages\django\template\base.py", line 961, in render_annotated
    return self.render(context)
           ^^^^^^^^^^^^^^^^^^^^
  File "C:\Users\rapha\OneDrive\Documentos\GitHub\viajantes_conectados\.venv\Lib\site-packages\django\template\loader_tags.py", line 159, in render
    return compiled_parent._render(context)
           ^^^^^^^^^^^^^^^^^^^^^^^^^^^^^^^^
  File "C:\Users\rapha\OneDrive\Documentos\GitHub\viajantes_conectados\.venv\Lib\site-packages\django\template\base.py", line 163, in _render
    return self.nodelist.render(context)
           ^^^^^^^^^^^^^^^^^^^^^^^^^^^^^
  File "C:\Users\rapha\OneDrive\Documentos\GitHub\viajantes_conectados\.venv\Lib\site-packages\django\template\base.py", line 1000, in render
    return SafeString("".join([node.render_annotated(context) for node in self]))
                               ^^^^^^^^^^^^^^^^^^^^^^^^^^^^^^
  File "C:\Users\rapha\OneDrive\Documentos\GitHub\viajantes_conectados\.venv\Lib\site-packages\django\template\base.py", line 961, in render_annotated
    return self.render(context)
           ^^^^^^^^^^^^^^^^^^^^
  File "C:\Users\rapha\OneDrive\Documentos\GitHub\viajantes_conectados\.venv\Lib\site-packages\django\template\loader_tags.py", line 65, in render
    result = block.nodelist.render(context)
             ^^^^^^^^^^^^^^^^^^^^^^^^^^^^^^
  File "C:\Users\rapha\OneDrive\Documentos\GitHub\viajantes_conectados\.venv\Lib\site-packages\django\template\base.py", line 1000, in render
    return SafeString("".join([node.render_annotated(context) for node in self]))
                               ^^^^^^^^^^^^^^^^^^^^^^^^^^^^^^
  File "C:\Users\rapha\OneDrive\Documentos\GitHub\viajantes_conectados\.venv\Lib\site-packages\django\template\base.py", line 961, in render_annotated
    return self.render(context)
           ^^^^^^^^^^^^^^^^^^^^
  File "C:\Users\rapha\OneDrive\Documentos\GitHub\viajantes_conectados\.venv\Lib\site-packages\django\template\defaulttags.py", line 325, in render
    return nodelist.render(context)
           ^^^^^^^^^^^^^^^^^^^^^^^^
  File "C:\Users\rapha\OneDrive\Documentos\GitHub\viajantes_conectados\.venv\Lib\site-packages\django\template\base.py", line 1000, in render
    return SafeString("".join([node.render_annotated(context) for node in self]))
                               ^^^^^^^^^^^^^^^^^^^^^^^^^^^^^^
  File "C:\Users\rapha\OneDrive\Documentos\GitHub\viajantes_conectados\.venv\Lib\site-packages\django\template\base.py", line 961, in render_annotated
    return self.render(context)
           ^^^^^^^^^^^^^^^^^^^^
  File "C:\Users\rapha\OneDrive\Documentos\GitHub\viajantes_conectados\.venv\Lib\site-packages\django\template\defaulttags.py", line 478, in render
    url = reverse(view_name, args=args, kwargs=kwargs, current_app=current_app)
          ^^^^^^^^^^^^^^^^^^^^^^^^^^^^^^^^^^^^^^^^^^^^^^^^^^^^^^^^^^^^^^^^^^^^^
  File "C:\Users\rapha\OneDrive\Documentos\GitHub\viajantes_conectados\.venv\Lib\site-packages\django\urls\base.py", line 88, in reverse
    return resolver._reverse_with_prefix(view, prefix, *args, **kwargs)
           ^^^^^^^^^^^^^^^^^^^^^^^^^^^^^^^^^^^^^^^^^^^^^^^^^^^^^^^^^^^^
  File "C:\Users\rapha\OneDrive\Documentos\GitHub\viajantes_conectados\.venv\Lib\site-packages\django\urls\resolvers.py", line 848, in _reverse_with_prefix
    raise NoReverseMatch(msg)
django.urls.exceptions.NoReverseMatch: Reverse for 'excluir_plano' not found. 'excluir_plano' is not a valid view function or pattern name.
ERROR 2026-03-14 13:21:20,406 runserver [35;1mHTTP GET /destinos/52ad1b40-fe72-49f2-81e3-0c46a261f80f/ 500 [0.07, 127.0.0.1:59616][0m
ERROR 2026-03-14 13:21:40,989 log Internal Server Error: /destinos/52ad1b40-fe72-49f2-81e3-0c46a261f80f/
Traceback (most recent call last):
  File "C:\Users\rapha\OneDrive\Documentos\GitHub\viajantes_conectados\.venv\Lib\site-packages\asgiref\sync.py", line 555, in thread_handler
    raise exc_info[1]
  File "C:\Users\rapha\OneDrive\Documentos\GitHub\viajantes_conectados\.venv\Lib\site-packages\django\core\handlers\exception.py", line 42, in inner
    response = await get_response(request)
               ^^^^^^^^^^^^^^^^^^^^^^^^^^^
  File "C:\Users\rapha\OneDrive\Documentos\GitHub\viajantes_conectados\.venv\Lib\site-packages\asgiref\sync.py", line 555, in thread_handler
    raise exc_info[1]
  File "C:\Users\rapha\OneDrive\Documentos\GitHub\viajantes_conectados\.venv\Lib\site-packages\django\core\handlers\base.py", line 253, in _get_response_async
    response = await wrapped_callback(
               ^^^^^^^^^^^^^^^^^^^^^^^
  File "C:\Users\rapha\OneDrive\Documentos\GitHub\viajantes_conectados\.venv\Lib\site-packages\asgiref\sync.py", line 504, in __call__
    ret = await asyncio.shield(exec_coro)
          ^^^^^^^^^^^^^^^^^^^^^^^^^^^^^^^
  File "C:\Users\rapha\OneDrive\Documentos\GitHub\viajantes_conectados\.venv\Lib\site-packages\asgiref\current_thread_executor.py", line 40, in run
    result = self.fn(*self.args, **self.kwargs)
             ^^^^^^^^^^^^^^^^^^^^^^^^^^^^^^^^^^
  File "C:\Users\rapha\OneDrive\Documentos\GitHub\viajantes_conectados\.venv\Lib\site-packages\asgiref\sync.py", line 559, in thread_handler
    return func(*args, **kwargs)
           ^^^^^^^^^^^^^^^^^^^^^
  File "C:\Users\rapha\OneDrive\Documentos\GitHub\viajantes_conectados\.venv\Lib\site-packages\django\contrib\auth\decorators.py", line 23, in _wrapper_view
    return view_func(request, *args, **kwargs)
           ^^^^^^^^^^^^^^^^^^^^^^^^^^^^^^^^^^^
  File "C:\Users\rapha\OneDrive\Documentos\GitHub\viajantes_conectados\.venv\Lib\site-packages\django\views\decorators\http.py", line 63, in inner
    return func(request, *args, **kwargs)
           ^^^^^^^^^^^^^^^^^^^^^^^^^^^^^^
  File "C:\Users\rapha\OneDrive\Documentos\GitHub\viajantes_conectados\apps\destinos\views.py", line 448, in view_detalhes_plano
    return render(request, 'destinos/detalhes_plano.html', contexto)
           ^^^^^^^^^^^^^^^^^^^^^^^^^^^^^^^^^^^^^^^^^^^^^^^^^^^^^^^^^
  File "C:\Users\rapha\OneDrive\Documentos\GitHub\viajantes_conectados\.venv\Lib\site-packages\django\shortcuts.py", line 24, in render
    content = loader.render_to_string(template_name, context, request, using=using)
              ^^^^^^^^^^^^^^^^^^^^^^^^^^^^^^^^^^^^^^^^^^^^^^^^^^^^^^^^^^^^^^^^^^^^^
  File "C:\Users\rapha\OneDrive\Documentos\GitHub\viajantes_conectados\.venv\Lib\site-packages\django\template\loader.py", line 62, in render_to_string
    return template.render(context, request)
           ^^^^^^^^^^^^^^^^^^^^^^^^^^^^^^^^^
  File "C:\Users\rapha\OneDrive\Documentos\GitHub\viajantes_conectados\.venv\Lib\site-packages\django\template\backends\django.py", line 61, in render
    return self.template.render(context)
           ^^^^^^^^^^^^^^^^^^^^^^^^^^^^^
  File "C:\Users\rapha\OneDrive\Documentos\GitHub\viajantes_conectados\.venv\Lib\site-packages\django\template\base.py", line 171, in render
    return self._render(context)
           ^^^^^^^^^^^^^^^^^^^^^
  File "C:\Users\rapha\OneDrive\Documentos\GitHub\viajantes_conectados\.venv\Lib\site-packages\django\template\base.py", line 163, in _render
    return self.nodelist.render(context)
           ^^^^^^^^^^^^^^^^^^^^^^^^^^^^^
  File "C:\Users\rapha\OneDrive\Documentos\GitHub\viajantes_conectados\.venv\Lib\site-packages\django\template\base.py", line 1000, in render
    return SafeString("".join([node.render_annotated(context) for node in self]))
                               ^^^^^^^^^^^^^^^^^^^^^^^^^^^^^^
  File "C:\Users\rapha\OneDrive\Documentos\GitHub\viajantes_conectados\.venv\Lib\site-packages\django\template\base.py", line 961, in render_annotated
    return self.render(context)
           ^^^^^^^^^^^^^^^^^^^^
  File "C:\Users\rapha\OneDrive\Documentos\GitHub\viajantes_conectados\.venv\Lib\site-packages\django\template\loader_tags.py", line 159, in render
    return compiled_parent._render(context)
           ^^^^^^^^^^^^^^^^^^^^^^^^^^^^^^^^
  File "C:\Users\rapha\OneDrive\Documentos\GitHub\viajantes_conectados\.venv\Lib\site-packages\django\template\base.py", line 163, in _render
    return self.nodelist.render(context)
           ^^^^^^^^^^^^^^^^^^^^^^^^^^^^^
  File "C:\Users\rapha\OneDrive\Documentos\GitHub\viajantes_conectados\.venv\Lib\site-packages\django\template\base.py", line 1000, in render
    return SafeString("".join([node.render_annotated(context) for node in self]))
                               ^^^^^^^^^^^^^^^^^^^^^^^^^^^^^^
  File "C:\Users\rapha\OneDrive\Documentos\GitHub\viajantes_conectados\.venv\Lib\site-packages\django\template\base.py", line 961, in render_annotated
    return self.render(context)
           ^^^^^^^^^^^^^^^^^^^^
  File "C:\Users\rapha\OneDrive\Documentos\GitHub\viajantes_conectados\.venv\Lib\site-packages\django\template\loader_tags.py", line 65, in render
    result = block.nodelist.render(context)
             ^^^^^^^^^^^^^^^^^^^^^^^^^^^^^^
  File "C:\Users\rapha\OneDrive\Documentos\GitHub\viajantes_conectados\.venv\Lib\site-packages\django\template\base.py", line 1000, in render
    return SafeString("".join([node.render_annotated(context) for node in self]))
                               ^^^^^^^^^^^^^^^^^^^^^^^^^^^^^^
  File "C:\Users\rapha\OneDrive\Documentos\GitHub\viajantes_conectados\.venv\Lib\site-packages\django\template\base.py", line 961, in render_annotated
    return self.render(context)
           ^^^^^^^^^^^^^^^^^^^^
  File "C:\Users\rapha\OneDrive\Documentos\GitHub\viajantes_conectados\.venv\Lib\site-packages\django\template\defaulttags.py", line 325, in render
    return nodelist.render(context)
           ^^^^^^^^^^^^^^^^^^^^^^^^
  File "C:\Users\rapha\OneDrive\Documentos\GitHub\viajantes_conectados\.venv\Lib\site-packages\django\template\base.py", line 1000, in render
    return SafeString("".join([node.render_annotated(context) for node in self]))
                               ^^^^^^^^^^^^^^^^^^^^^^^^^^^^^^
  File "C:\Users\rapha\OneDrive\Documentos\GitHub\viajantes_conectados\.venv\Lib\site-packages\django\template\base.py", line 961, in render_annotated
    return self.render(context)
           ^^^^^^^^^^^^^^^^^^^^
  File "C:\Users\rapha\OneDrive\Documentos\GitHub\viajantes_conectados\.venv\Lib\site-packages\django\template\defaulttags.py", line 478, in render
    url = reverse(view_name, args=args, kwargs=kwargs, current_app=current_app)
          ^^^^^^^^^^^^^^^^^^^^^^^^^^^^^^^^^^^^^^^^^^^^^^^^^^^^^^^^^^^^^^^^^^^^^
  File "C:\Users\rapha\OneDrive\Documentos\GitHub\viajantes_conectados\.venv\Lib\site-packages\django\urls\base.py", line 88, in reverse
    return resolver._reverse_with_prefix(view, prefix, *args, **kwargs)
           ^^^^^^^^^^^^^^^^^^^^^^^^^^^^^^^^^^^^^^^^^^^^^^^^^^^^^^^^^^^^
  File "C:\Users\rapha\OneDrive\Documentos\GitHub\viajantes_conectados\.venv\Lib\site-packages\django\urls\resolvers.py", line 848, in _reverse_with_prefix
    raise NoReverseMatch(msg)
django.urls.exceptions.NoReverseMatch: Reverse for 'excluir_plano' not found. 'excluir_plano' is not a valid view function or pattern name.
ERROR 2026-03-14 13:21:40,996 runserver [35;1mHTTP GET /destinos/52ad1b40-fe72-49f2-81e3-0c46a261f80f/ 500 [0.04, 127.0.0.1:59616][0m
ERROR 2026-03-14 13:21:41,861 log Internal Server Error: /destinos/52ad1b40-fe72-49f2-81e3-0c46a261f80f/
Traceback (most recent call last):
  File "C:\Users\rapha\OneDrive\Documentos\GitHub\viajantes_conectados\.venv\Lib\site-packages\asgiref\sync.py", line 555, in thread_handler
    raise exc_info[1]
  File "C:\Users\rapha\OneDrive\Documentos\GitHub\viajantes_conectados\.venv\Lib\site-packages\django\core\handlers\exception.py", line 42, in inner
    response = await get_response(request)
               ^^^^^^^^^^^^^^^^^^^^^^^^^^^
  File "C:\Users\rapha\OneDrive\Documentos\GitHub\viajantes_conectados\.venv\Lib\site-packages\asgiref\sync.py", line 555, in thread_handler
    raise exc_info[1]
  File "C:\Users\rapha\OneDrive\Documentos\GitHub\viajantes_conectados\.venv\Lib\site-packages\django\core\handlers\base.py", line 253, in _get_response_async
    response = await wrapped_callback(
               ^^^^^^^^^^^^^^^^^^^^^^^
  File "C:\Users\rapha\OneDrive\Documentos\GitHub\viajantes_conectados\.venv\Lib\site-packages\asgiref\sync.py", line 504, in __call__
    ret = await asyncio.shield(exec_coro)
          ^^^^^^^^^^^^^^^^^^^^^^^^^^^^^^^
  File "C:\Users\rapha\OneDrive\Documentos\GitHub\viajantes_conectados\.venv\Lib\site-packages\asgiref\current_thread_executor.py", line 40, in run
    result = self.fn(*self.args, **self.kwargs)
             ^^^^^^^^^^^^^^^^^^^^^^^^^^^^^^^^^^
  File "C:\Users\rapha\OneDrive\Documentos\GitHub\viajantes_conectados\.venv\Lib\site-packages\asgiref\sync.py", line 559, in thread_handler
    return func(*args, **kwargs)
           ^^^^^^^^^^^^^^^^^^^^^
  File "C:\Users\rapha\OneDrive\Documentos\GitHub\viajantes_conectados\.venv\Lib\site-packages\django\contrib\auth\decorators.py", line 23, in _wrapper_view
    return view_func(request, *args, **kwargs)
           ^^^^^^^^^^^^^^^^^^^^^^^^^^^^^^^^^^^
  File "C:\Users\rapha\OneDrive\Documentos\GitHub\viajantes_conectados\.venv\Lib\site-packages\django\views\decorators\http.py", line 63, in inner
    return func(request, *args, **kwargs)
           ^^^^^^^^^^^^^^^^^^^^^^^^^^^^^^
  File "C:\Users\rapha\OneDrive\Documentos\GitHub\viajantes_conectados\apps\destinos\views.py", line 448, in view_detalhes_plano
    return render(request, 'destinos/detalhes_plano.html', contexto)
           ^^^^^^^^^^^^^^^^^^^^^^^^^^^^^^^^^^^^^^^^^^^^^^^^^^^^^^^^^
  File "C:\Users\rapha\OneDrive\Documentos\GitHub\viajantes_conectados\.venv\Lib\site-packages\django\shortcuts.py", line 24, in render
    content = loader.render_to_string(template_name, context, request, using=using)
              ^^^^^^^^^^^^^^^^^^^^^^^^^^^^^^^^^^^^^^^^^^^^^^^^^^^^^^^^^^^^^^^^^^^^^
  File "C:\Users\rapha\OneDrive\Documentos\GitHub\viajantes_conectados\.venv\Lib\site-packages\django\template\loader.py", line 62, in render_to_string
    return template.render(context, request)
           ^^^^^^^^^^^^^^^^^^^^^^^^^^^^^^^^^
  File "C:\Users\rapha\OneDrive\Documentos\GitHub\viajantes_conectados\.venv\Lib\site-packages\django\template\backends\django.py", line 61, in render
    return self.template.render(context)
           ^^^^^^^^^^^^^^^^^^^^^^^^^^^^^
  File "C:\Users\rapha\OneDrive\Documentos\GitHub\viajantes_conectados\.venv\Lib\site-packages\django\template\base.py", line 171, in render
    return self._render(context)
           ^^^^^^^^^^^^^^^^^^^^^
  File "C:\Users\rapha\OneDrive\Documentos\GitHub\viajantes_conectados\.venv\Lib\site-packages\django\template\base.py", line 163, in _render
    return self.nodelist.render(context)
           ^^^^^^^^^^^^^^^^^^^^^^^^^^^^^
  File "C:\Users\rapha\OneDrive\Documentos\GitHub\viajantes_conectados\.venv\Lib\site-packages\django\template\base.py", line 1000, in render
    return SafeString("".join([node.render_annotated(context) for node in self]))
                               ^^^^^^^^^^^^^^^^^^^^^^^^^^^^^^
  File "C:\Users\rapha\OneDrive\Documentos\GitHub\viajantes_conectados\.venv\Lib\site-packages\django\template\base.py", line 961, in render_annotated
    return self.render(context)
           ^^^^^^^^^^^^^^^^^^^^
  File "C:\Users\rapha\OneDrive\Documentos\GitHub\viajantes_conectados\.venv\Lib\site-packages\django\template\loader_tags.py", line 159, in render
    return compiled_parent._render(context)
           ^^^^^^^^^^^^^^^^^^^^^^^^^^^^^^^^
  File "C:\Users\rapha\OneDrive\Documentos\GitHub\viajantes_conectados\.venv\Lib\site-packages\django\template\base.py", line 163, in _render
    return self.nodelist.render(context)
           ^^^^^^^^^^^^^^^^^^^^^^^^^^^^^
  File "C:\Users\rapha\OneDrive\Documentos\GitHub\viajantes_conectados\.venv\Lib\site-packages\django\template\base.py", line 1000, in render
    return SafeString("".join([node.render_annotated(context) for node in self]))
                               ^^^^^^^^^^^^^^^^^^^^^^^^^^^^^^
  File "C:\Users\rapha\OneDrive\Documentos\GitHub\viajantes_conectados\.venv\Lib\site-packages\django\template\base.py", line 961, in render_annotated
    return self.render(context)
           ^^^^^^^^^^^^^^^^^^^^
  File "C:\Users\rapha\OneDrive\Documentos\GitHub\viajantes_conectados\.venv\Lib\site-packages\django\template\loader_tags.py", line 65, in render
    result = block.nodelist.render(context)
             ^^^^^^^^^^^^^^^^^^^^^^^^^^^^^^
  File "C:\Users\rapha\OneDrive\Documentos\GitHub\viajantes_conectados\.venv\Lib\site-packages\django\template\base.py", line 1000, in render
    return SafeString("".join([node.render_annotated(context) for node in self]))
                               ^^^^^^^^^^^^^^^^^^^^^^^^^^^^^^
  File "C:\Users\rapha\OneDrive\Documentos\GitHub\viajantes_conectados\.venv\Lib\site-packages\django\template\base.py", line 961, in render_annotated
    return self.render(context)
           ^^^^^^^^^^^^^^^^^^^^
  File "C:\Users\rapha\OneDrive\Documentos\GitHub\viajantes_conectados\.venv\Lib\site-packages\django\template\defaulttags.py", line 325, in render
    return nodelist.render(context)
           ^^^^^^^^^^^^^^^^^^^^^^^^
  File "C:\Users\rapha\OneDrive\Documentos\GitHub\viajantes_conectados\.venv\Lib\site-packages\django\template\base.py", line 1000, in render
    return SafeString("".join([node.render_annotated(context) for node in self]))
                               ^^^^^^^^^^^^^^^^^^^^^^^^^^^^^^
  File "C:\Users\rapha\OneDrive\Documentos\GitHub\viajantes_conectados\.venv\Lib\site-packages\django\template\base.py", line 961, in render_annotated
    return self.render(context)
           ^^^^^^^^^^^^^^^^^^^^
  File "C:\Users\rapha\OneDrive\Documentos\GitHub\viajantes_conectados\.venv\Lib\site-packages\django\template\defaulttags.py", line 478, in render
    url = reverse(view_name, args=args, kwargs=kwargs, current_app=current_app)
          ^^^^^^^^^^^^^^^^^^^^^^^^^^^^^^^^^^^^^^^^^^^^^^^^^^^^^^^^^^^^^^^^^^^^^
  File "C:\Users\rapha\OneDrive\Documentos\GitHub\viajantes_conectados\.venv\Lib\site-packages\django\urls\base.py", line 88, in reverse
    return resolver._reverse_with_prefix(view, prefix, *args, **kwargs)
           ^^^^^^^^^^^^^^^^^^^^^^^^^^^^^^^^^^^^^^^^^^^^^^^^^^^^^^^^^^^^
  File "C:\Users\rapha\OneDrive\Documentos\GitHub\viajantes_conectados\.venv\Lib\site-packages\django\urls\resolvers.py", line 848, in _reverse_with_prefix
    raise NoReverseMatch(msg)
django.urls.exceptions.NoReverseMatch: Reverse for 'excluir_plano' not found. 'excluir_plano' is not a valid view function or pattern name.
ERROR 2026-03-14 13:21:41,874 runserver [35;1mHTTP GET /destinos/52ad1b40-fe72-49f2-81e3-0c46a261f80f/ 500 [0.07, 127.0.0.1:59616][0m
ERROR 2026-03-14 13:22:23,746 log Internal Server Error: /destinos/52ad1b40-fe72-49f2-81e3-0c46a261f80f/
Traceback (most recent call last):
  File "C:\Users\rapha\OneDrive\Documentos\GitHub\viajantes_conectados\.venv\Lib\site-packages\asgiref\sync.py", line 555, in thread_handler
    raise exc_info[1]
  File "C:\Users\rapha\OneDrive\Documentos\GitHub\viajantes_conectados\.venv\Lib\site-packages\django\core\handlers\exception.py", line 42, in inner
    response = await get_response(request)
               ^^^^^^^^^^^^^^^^^^^^^^^^^^^
  File "C:\Users\rapha\OneDrive\Documentos\GitHub\viajantes_conectados\.venv\Lib\site-packages\asgiref\sync.py", line 555, in thread_handler
    raise exc_info[1]
  File "C:\Users\rapha\OneDrive\Documentos\GitHub\viajantes_conectados\.venv\Lib\site-packages\django\core\handlers\base.py", line 253, in _get_response_async
    response = await wrapped_callback(
               ^^^^^^^^^^^^^^^^^^^^^^^
  File "C:\Users\rapha\OneDrive\Documentos\GitHub\viajantes_conectados\.venv\Lib\site-packages\asgiref\sync.py", line 504, in __call__
    ret = await asyncio.shield(exec_coro)
          ^^^^^^^^^^^^^^^^^^^^^^^^^^^^^^^
  File "C:\Users\rapha\OneDrive\Documentos\GitHub\viajantes_conectados\.venv\Lib\site-packages\asgiref\current_thread_executor.py", line 40, in run
    result = self.fn(*self.args, **self.kwargs)
             ^^^^^^^^^^^^^^^^^^^^^^^^^^^^^^^^^^
  File "C:\Users\rapha\OneDrive\Documentos\GitHub\viajantes_conectados\.venv\Lib\site-packages\asgiref\sync.py", line 559, in thread_handler
    return func(*args, **kwargs)
           ^^^^^^^^^^^^^^^^^^^^^
  File "C:\Users\rapha\OneDrive\Documentos\GitHub\viajantes_conectados\.venv\Lib\site-packages\django\contrib\auth\decorators.py", line 23, in _wrapper_view
    return view_func(request, *args, **kwargs)
           ^^^^^^^^^^^^^^^^^^^^^^^^^^^^^^^^^^^
  File "C:\Users\rapha\OneDrive\Documentos\GitHub\viajantes_conectados\.venv\Lib\site-packages\django\views\decorators\http.py", line 63, in inner
    return func(request, *args, **kwargs)
           ^^^^^^^^^^^^^^^^^^^^^^^^^^^^^^
  File "C:\Users\rapha\OneDrive\Documentos\GitHub\viajantes_conectados\apps\destinos\views.py", line 448, in view_detalhes_plano
    return render(request, 'destinos/detalhes_plano.html', contexto)
           ^^^^^^^^^^^^^^^^^^^^^^^^^^^^^^^^^^^^^^^^^^^^^^^^^^^^^^^^^
  File "C:\Users\rapha\OneDrive\Documentos\GitHub\viajantes_conectados\.venv\Lib\site-packages\django\shortcuts.py", line 24, in render
    content = loader.render_to_string(template_name, context, request, using=using)
              ^^^^^^^^^^^^^^^^^^^^^^^^^^^^^^^^^^^^^^^^^^^^^^^^^^^^^^^^^^^^^^^^^^^^^
  File "C:\Users\rapha\OneDrive\Documentos\GitHub\viajantes_conectados\.venv\Lib\site-packages\django\template\loader.py", line 62, in render_to_string
    return template.render(context, request)
           ^^^^^^^^^^^^^^^^^^^^^^^^^^^^^^^^^
  File "C:\Users\rapha\OneDrive\Documentos\GitHub\viajantes_conectados\.venv\Lib\site-packages\django\template\backends\django.py", line 61, in render
    return self.template.render(context)
           ^^^^^^^^^^^^^^^^^^^^^^^^^^^^^
  File "C:\Users\rapha\OneDrive\Documentos\GitHub\viajantes_conectados\.venv\Lib\site-packages\django\template\base.py", line 171, in render
    return self._render(context)
           ^^^^^^^^^^^^^^^^^^^^^
  File "C:\Users\rapha\OneDrive\Documentos\GitHub\viajantes_conectados\.venv\Lib\site-packages\django\template\base.py", line 163, in _render
    return self.nodelist.render(context)
           ^^^^^^^^^^^^^^^^^^^^^^^^^^^^^
  File "C:\Users\rapha\OneDrive\Documentos\GitHub\viajantes_conectados\.venv\Lib\site-packages\django\template\base.py", line 1000, in render
    return SafeString("".join([node.render_annotated(context) for node in self]))
                               ^^^^^^^^^^^^^^^^^^^^^^^^^^^^^^
  File "C:\Users\rapha\OneDrive\Documentos\GitHub\viajantes_conectados\.venv\Lib\site-packages\django\template\base.py", line 961, in render_annotated
    return self.render(context)
           ^^^^^^^^^^^^^^^^^^^^
  File "C:\Users\rapha\OneDrive\Documentos\GitHub\viajantes_conectados\.venv\Lib\site-packages\django\template\loader_tags.py", line 159, in render
    return compiled_parent._render(context)
           ^^^^^^^^^^^^^^^^^^^^^^^^^^^^^^^^
  File "C:\Users\rapha\OneDrive\Documentos\GitHub\viajantes_conectados\.venv\Lib\site-packages\django\template\base.py", line 163, in _render
    return self.nodelist.render(context)
           ^^^^^^^^^^^^^^^^^^^^^^^^^^^^^
  File "C:\Users\rapha\OneDrive\Documentos\GitHub\viajantes_conectados\.venv\Lib\site-packages\django\template\base.py", line 1000, in render
    return SafeString("".join([node.render_annotated(context) for node in self]))
                               ^^^^^^^^^^^^^^^^^^^^^^^^^^^^^^
  File "C:\Users\rapha\OneDrive\Documentos\GitHub\viajantes_conectados\.venv\Lib\site-packages\django\template\base.py", line 961, in render_annotated
    return self.render(context)
           ^^^^^^^^^^^^^^^^^^^^
  File "C:\Users\rapha\OneDrive\Documentos\GitHub\viajantes_conectados\.venv\Lib\site-packages\django\template\loader_tags.py", line 65, in render
    result = block.nodelist.render(context)
             ^^^^^^^^^^^^^^^^^^^^^^^^^^^^^^
  File "C:\Users\rapha\OneDrive\Documentos\GitHub\viajantes_conectados\.venv\Lib\site-packages\django\template\base.py", line 1000, in render
    return SafeString("".join([node.render_annotated(context) for node in self]))
                               ^^^^^^^^^^^^^^^^^^^^^^^^^^^^^^
  File "C:\Users\rapha\OneDrive\Documentos\GitHub\viajantes_conectados\.venv\Lib\site-packages\django\template\base.py", line 961, in render_annotated
    return self.render(context)
           ^^^^^^^^^^^^^^^^^^^^
  File "C:\Users\rapha\OneDrive\Documentos\GitHub\viajantes_conectados\.venv\Lib\site-packages\django\template\defaulttags.py", line 325, in render
    return nodelist.render(context)
           ^^^^^^^^^^^^^^^^^^^^^^^^
  File "C:\Users\rapha\OneDrive\Documentos\GitHub\viajantes_conectados\.venv\Lib\site-packages\django\template\base.py", line 1000, in render
    return SafeString("".join([node.render_annotated(context) for node in self]))
                               ^^^^^^^^^^^^^^^^^^^^^^^^^^^^^^
  File "C:\Users\rapha\OneDrive\Documentos\GitHub\viajantes_conectados\.venv\Lib\site-packages\django\template\base.py", line 961, in render_annotated
    return self.render(context)
           ^^^^^^^^^^^^^^^^^^^^
  File "C:\Users\rapha\OneDrive\Documentos\GitHub\viajantes_conectados\.venv\Lib\site-packages\django\template\defaulttags.py", line 478, in render
    url = reverse(view_name, args=args, kwargs=kwargs, current_app=current_app)
          ^^^^^^^^^^^^^^^^^^^^^^^^^^^^^^^^^^^^^^^^^^^^^^^^^^^^^^^^^^^^^^^^^^^^^
  File "C:\Users\rapha\OneDrive\Documentos\GitHub\viajantes_conectados\.venv\Lib\site-packages\django\urls\base.py", line 88, in reverse
    return resolver._reverse_with_prefix(view, prefix, *args, **kwargs)
           ^^^^^^^^^^^^^^^^^^^^^^^^^^^^^^^^^^^^^^^^^^^^^^^^^^^^^^^^^^^^
  File "C:\Users\rapha\OneDrive\Documentos\GitHub\viajantes_conectados\.venv\Lib\site-packages\django\urls\resolvers.py", line 848, in _reverse_with_prefix
    raise NoReverseMatch(msg)
django.urls.exceptions.NoReverseMatch: Reverse for 'excluir_plano' not found. 'excluir_plano' is not a valid view function or pattern name.
ERROR 2026-03-14 13:22:23,754 runserver [35;1mHTTP GET /destinos/52ad1b40-fe72-49f2-81e3-0c46a261f80f/ 500 [0.05, 127.0.0.1:59616][0m
ERROR 2026-03-14 13:22:24,384 log Internal Server Error: /destinos/52ad1b40-fe72-49f2-81e3-0c46a261f80f/
Traceback (most recent call last):
  File "C:\Users\rapha\OneDrive\Documentos\GitHub\viajantes_conectados\.venv\Lib\site-packages\asgiref\sync.py", line 555, in thread_handler
    raise exc_info[1]
  File "C:\Users\rapha\OneDrive\Documentos\GitHub\viajantes_conectados\.venv\Lib\site-packages\django\core\handlers\exception.py", line 42, in inner
    response = await get_response(request)
               ^^^^^^^^^^^^^^^^^^^^^^^^^^^
  File "C:\Users\rapha\OneDrive\Documentos\GitHub\viajantes_conectados\.venv\Lib\site-packages\asgiref\sync.py", line 555, in thread_handler
    raise exc_info[1]
  File "C:\Users\rapha\OneDrive\Documentos\GitHub\viajantes_conectados\.venv\Lib\site-packages\django\core\handlers\base.py", line 253, in _get_response_async
    response = await wrapped_callback(
               ^^^^^^^^^^^^^^^^^^^^^^^
  File "C:\Users\rapha\OneDrive\Documentos\GitHub\viajantes_conectados\.venv\Lib\site-packages\asgiref\sync.py", line 504, in __call__
    ret = await asyncio.shield(exec_coro)
          ^^^^^^^^^^^^^^^^^^^^^^^^^^^^^^^
  File "C:\Users\rapha\OneDrive\Documentos\GitHub\viajantes_conectados\.venv\Lib\site-packages\asgiref\current_thread_executor.py", line 40, in run
    result = self.fn(*self.args, **self.kwargs)
             ^^^^^^^^^^^^^^^^^^^^^^^^^^^^^^^^^^
  File "C:\Users\rapha\OneDrive\Documentos\GitHub\viajantes_conectados\.venv\Lib\site-packages\asgiref\sync.py", line 559, in thread_handler
    return func(*args, **kwargs)
           ^^^^^^^^^^^^^^^^^^^^^
  File "C:\Users\rapha\OneDrive\Documentos\GitHub\viajantes_conectados\.venv\Lib\site-packages\django\contrib\auth\decorators.py", line 23, in _wrapper_view
    return view_func(request, *args, **kwargs)
           ^^^^^^^^^^^^^^^^^^^^^^^^^^^^^^^^^^^
  File "C:\Users\rapha\OneDrive\Documentos\GitHub\viajantes_conectados\.venv\Lib\site-packages\django\views\decorators\http.py", line 63, in inner
    return func(request, *args, **kwargs)
           ^^^^^^^^^^^^^^^^^^^^^^^^^^^^^^
  File "C:\Users\rapha\OneDrive\Documentos\GitHub\viajantes_conectados\apps\destinos\views.py", line 448, in view_detalhes_plano
    return render(request, 'destinos/detalhes_plano.html', contexto)
           ^^^^^^^^^^^^^^^^^^^^^^^^^^^^^^^^^^^^^^^^^^^^^^^^^^^^^^^^^
  File "C:\Users\rapha\OneDrive\Documentos\GitHub\viajantes_conectados\.venv\Lib\site-packages\django\shortcuts.py", line 24, in render
    content = loader.render_to_string(template_name, context, request, using=using)
              ^^^^^^^^^^^^^^^^^^^^^^^^^^^^^^^^^^^^^^^^^^^^^^^^^^^^^^^^^^^^^^^^^^^^^
  File "C:\Users\rapha\OneDrive\Documentos\GitHub\viajantes_conectados\.venv\Lib\site-packages\django\template\loader.py", line 62, in render_to_string
    return template.render(context, request)
           ^^^^^^^^^^^^^^^^^^^^^^^^^^^^^^^^^
  File "C:\Users\rapha\OneDrive\Documentos\GitHub\viajantes_conectados\.venv\Lib\site-packages\django\template\backends\django.py", line 61, in render
    return self.template.render(context)
           ^^^^^^^^^^^^^^^^^^^^^^^^^^^^^
  File "C:\Users\rapha\OneDrive\Documentos\GitHub\viajantes_conectados\.venv\Lib\site-packages\django\template\base.py", line 171, in render
    return self._render(context)
           ^^^^^^^^^^^^^^^^^^^^^
  File "C:\Users\rapha\OneDrive\Documentos\GitHub\viajantes_conectados\.venv\Lib\site-packages\django\template\base.py", line 163, in _render
    return self.nodelist.render(context)
           ^^^^^^^^^^^^^^^^^^^^^^^^^^^^^
  File "C:\Users\rapha\OneDrive\Documentos\GitHub\viajantes_conectados\.venv\Lib\site-packages\django\template\base.py", line 1000, in render
    return SafeString("".join([node.render_annotated(context) for node in self]))
                               ^^^^^^^^^^^^^^^^^^^^^^^^^^^^^^
  File "C:\Users\rapha\OneDrive\Documentos\GitHub\viajantes_conectados\.venv\Lib\site-packages\django\template\base.py", line 961, in render_annotated
    return self.render(context)
           ^^^^^^^^^^^^^^^^^^^^
  File "C:\Users\rapha\OneDrive\Documentos\GitHub\viajantes_conectados\.venv\Lib\site-packages\django\template\loader_tags.py", line 159, in render
    return compiled_parent._render(context)
           ^^^^^^^^^^^^^^^^^^^^^^^^^^^^^^^^
  File "C:\Users\rapha\OneDrive\Documentos\GitHub\viajantes_conectados\.venv\Lib\site-packages\django\template\base.py", line 163, in _render
    return self.nodelist.render(context)
           ^^^^^^^^^^^^^^^^^^^^^^^^^^^^^
  File "C:\Users\rapha\OneDrive\Documentos\GitHub\viajantes_conectados\.venv\Lib\site-packages\django\template\base.py", line 1000, in render
    return SafeString("".join([node.render_annotated(context) for node in self]))
                               ^^^^^^^^^^^^^^^^^^^^^^^^^^^^^^
  File "C:\Users\rapha\OneDrive\Documentos\GitHub\viajantes_conectados\.venv\Lib\site-packages\django\template\base.py", line 961, in render_annotated
    return self.render(context)
           ^^^^^^^^^^^^^^^^^^^^
  File "C:\Users\rapha\OneDrive\Documentos\GitHub\viajantes_conectados\.venv\Lib\site-packages\django\template\loader_tags.py", line 65, in render
    result = block.nodelist.render(context)
             ^^^^^^^^^^^^^^^^^^^^^^^^^^^^^^
  File "C:\Users\rapha\OneDrive\Documentos\GitHub\viajantes_conectados\.venv\Lib\site-packages\django\template\base.py", line 1000, in render
    return SafeString("".join([node.render_annotated(context) for node in self]))
                               ^^^^^^^^^^^^^^^^^^^^^^^^^^^^^^
  File "C:\Users\rapha\OneDrive\Documentos\GitHub\viajantes_conectados\.venv\Lib\site-packages\django\template\base.py", line 961, in render_annotated
    return self.render(context)
           ^^^^^^^^^^^^^^^^^^^^
  File "C:\Users\rapha\OneDrive\Documentos\GitHub\viajantes_conectados\.venv\Lib\site-packages\django\template\defaulttags.py", line 325, in render
    return nodelist.render(context)
           ^^^^^^^^^^^^^^^^^^^^^^^^
  File "C:\Users\rapha\OneDrive\Documentos\GitHub\viajantes_conectados\.venv\Lib\site-packages\django\template\base.py", line 1000, in render
    return SafeString("".join([node.render_annotated(context) for node in self]))
                               ^^^^^^^^^^^^^^^^^^^^^^^^^^^^^^
  File "C:\Users\rapha\OneDrive\Documentos\GitHub\viajantes_conectados\.venv\Lib\site-packages\django\template\base.py", line 961, in render_annotated
    return self.render(context)
           ^^^^^^^^^^^^^^^^^^^^
  File "C:\Users\rapha\OneDrive\Documentos\GitHub\viajantes_conectados\.venv\Lib\site-packages\django\template\defaulttags.py", line 478, in render
    url = reverse(view_name, args=args, kwargs=kwargs, current_app=current_app)
          ^^^^^^^^^^^^^^^^^^^^^^^^^^^^^^^^^^^^^^^^^^^^^^^^^^^^^^^^^^^^^^^^^^^^^
  File "C:\Users\rapha\OneDrive\Documentos\GitHub\viajantes_conectados\.venv\Lib\site-packages\django\urls\base.py", line 88, in reverse
    return resolver._reverse_with_prefix(view, prefix, *args, **kwargs)
           ^^^^^^^^^^^^^^^^^^^^^^^^^^^^^^^^^^^^^^^^^^^^^^^^^^^^^^^^^^^^
  File "C:\Users\rapha\OneDrive\Documentos\GitHub\viajantes_conectados\.venv\Lib\site-packages\django\urls\resolvers.py", line 848, in _reverse_with_prefix
    raise NoReverseMatch(msg)
django.urls.exceptions.NoReverseMatch: Reverse for 'excluir_plano' not found. 'excluir_plano' is not a valid view function or pattern name.
ERROR 2026-03-14 13:22:24,391 runserver [35;1mHTTP GET /destinos/52ad1b40-fe72-49f2-81e3-0c46a261f80f/ 500 [0.04, 127.0.0.1:59616][0m
ERROR 2026-03-14 13:22:24,976 log Internal Server Error: /destinos/52ad1b40-fe72-49f2-81e3-0c46a261f80f/
Traceback (most recent call last):
  File "C:\Users\rapha\OneDrive\Documentos\GitHub\viajantes_conectados\.venv\Lib\site-packages\asgiref\sync.py", line 555, in thread_handler
    raise exc_info[1]
  File "C:\Users\rapha\OneDrive\Documentos\GitHub\viajantes_conectados\.venv\Lib\site-packages\django\core\handlers\exception.py", line 42, in inner
    response = await get_response(request)
               ^^^^^^^^^^^^^^^^^^^^^^^^^^^
  File "C:\Users\rapha\OneDrive\Documentos\GitHub\viajantes_conectados\.venv\Lib\site-packages\asgiref\sync.py", line 555, in thread_handler
    raise exc_info[1]
  File "C:\Users\rapha\OneDrive\Documentos\GitHub\viajantes_conectados\.venv\Lib\site-packages\django\core\handlers\base.py", line 253, in _get_response_async
    response = await wrapped_callback(
               ^^^^^^^^^^^^^^^^^^^^^^^
  File "C:\Users\rapha\OneDrive\Documentos\GitHub\viajantes_conectados\.venv\Lib\site-packages\asgiref\sync.py", line 504, in __call__
    ret = await asyncio.shield(exec_coro)
          ^^^^^^^^^^^^^^^^^^^^^^^^^^^^^^^
  File "C:\Users\rapha\OneDrive\Documentos\GitHub\viajantes_conectados\.venv\Lib\site-packages\asgiref\current_thread_executor.py", line 40, in run
    result = self.fn(*self.args, **self.kwargs)
             ^^^^^^^^^^^^^^^^^^^^^^^^^^^^^^^^^^
  File "C:\Users\rapha\OneDrive\Documentos\GitHub\viajantes_conectados\.venv\Lib\site-packages\asgiref\sync.py", line 559, in thread_handler
    return func(*args, **kwargs)
           ^^^^^^^^^^^^^^^^^^^^^
  File "C:\Users\rapha\OneDrive\Documentos\GitHub\viajantes_conectados\.venv\Lib\site-packages\django\contrib\auth\decorators.py", line 23, in _wrapper_view
    return view_func(request, *args, **kwargs)
           ^^^^^^^^^^^^^^^^^^^^^^^^^^^^^^^^^^^
  File "C:\Users\rapha\OneDrive\Documentos\GitHub\viajantes_conectados\.venv\Lib\site-packages\django\views\decorators\http.py", line 63, in inner
    return func(request, *args, **kwargs)
           ^^^^^^^^^^^^^^^^^^^^^^^^^^^^^^
  File "C:\Users\rapha\OneDrive\Documentos\GitHub\viajantes_conectados\apps\destinos\views.py", line 448, in view_detalhes_plano
    return render(request, 'destinos/detalhes_plano.html', contexto)
           ^^^^^^^^^^^^^^^^^^^^^^^^^^^^^^^^^^^^^^^^^^^^^^^^^^^^^^^^^
  File "C:\Users\rapha\OneDrive\Documentos\GitHub\viajantes_conectados\.venv\Lib\site-packages\django\shortcuts.py", line 24, in render
    content = loader.render_to_string(template_name, context, request, using=using)
              ^^^^^^^^^^^^^^^^^^^^^^^^^^^^^^^^^^^^^^^^^^^^^^^^^^^^^^^^^^^^^^^^^^^^^
  File "C:\Users\rapha\OneDrive\Documentos\GitHub\viajantes_conectados\.venv\Lib\site-packages\django\template\loader.py", line 62, in render_to_string
    return template.render(context, request)
           ^^^^^^^^^^^^^^^^^^^^^^^^^^^^^^^^^
  File "C:\Users\rapha\OneDrive\Documentos\GitHub\viajantes_conectados\.venv\Lib\site-packages\django\template\backends\django.py", line 61, in render
    return self.template.render(context)
           ^^^^^^^^^^^^^^^^^^^^^^^^^^^^^
  File "C:\Users\rapha\OneDrive\Documentos\GitHub\viajantes_conectados\.venv\Lib\site-packages\django\template\base.py", line 171, in render
    return self._render(context)
           ^^^^^^^^^^^^^^^^^^^^^
  File "C:\Users\rapha\OneDrive\Documentos\GitHub\viajantes_conectados\.venv\Lib\site-packages\django\template\base.py", line 163, in _render
    return self.nodelist.render(context)
           ^^^^^^^^^^^^^^^^^^^^^^^^^^^^^
  File "C:\Users\rapha\OneDrive\Documentos\GitHub\viajantes_conectados\.venv\Lib\site-packages\django\template\base.py", line 1000, in render
    return SafeString("".join([node.render_annotated(context) for node in self]))
                               ^^^^^^^^^^^^^^^^^^^^^^^^^^^^^^
  File "C:\Users\rapha\OneDrive\Documentos\GitHub\viajantes_conectados\.venv\Lib\site-packages\django\template\base.py", line 961, in render_annotated
    return self.render(context)
           ^^^^^^^^^^^^^^^^^^^^
  File "C:\Users\rapha\OneDrive\Documentos\GitHub\viajantes_conectados\.venv\Lib\site-packages\django\template\loader_tags.py", line 159, in render
    return compiled_parent._render(context)
           ^^^^^^^^^^^^^^^^^^^^^^^^^^^^^^^^
  File "C:\Users\rapha\OneDrive\Documentos\GitHub\viajantes_conectados\.venv\Lib\site-packages\django\template\base.py", line 163, in _render
    return self.nodelist.render(context)
           ^^^^^^^^^^^^^^^^^^^^^^^^^^^^^
  File "C:\Users\rapha\OneDrive\Documentos\GitHub\viajantes_conectados\.venv\Lib\site-packages\django\template\base.py", line 1000, in render
    return SafeString("".join([node.render_annotated(context) for node in self]))
                               ^^^^^^^^^^^^^^^^^^^^^^^^^^^^^^
  File "C:\Users\rapha\OneDrive\Documentos\GitHub\viajantes_conectados\.venv\Lib\site-packages\django\template\base.py", line 961, in render_annotated
    return self.render(context)
           ^^^^^^^^^^^^^^^^^^^^
  File "C:\Users\rapha\OneDrive\Documentos\GitHub\viajantes_conectados\.venv\Lib\site-packages\django\template\loader_tags.py", line 65, in render
    result = block.nodelist.render(context)
             ^^^^^^^^^^^^^^^^^^^^^^^^^^^^^^
  File "C:\Users\rapha\OneDrive\Documentos\GitHub\viajantes_conectados\.venv\Lib\site-packages\django\template\base.py", line 1000, in render
    return SafeString("".join([node.render_annotated(context) for node in self]))
                               ^^^^^^^^^^^^^^^^^^^^^^^^^^^^^^
  File "C:\Users\rapha\OneDrive\Documentos\GitHub\viajantes_conectados\.venv\Lib\site-packages\django\template\base.py", line 961, in render_annotated
    return self.render(context)
           ^^^^^^^^^^^^^^^^^^^^
  File "C:\Users\rapha\OneDrive\Documentos\GitHub\viajantes_conectados\.venv\Lib\site-packages\django\template\defaulttags.py", line 325, in render
    return nodelist.render(context)
           ^^^^^^^^^^^^^^^^^^^^^^^^
  File "C:\Users\rapha\OneDrive\Documentos\GitHub\viajantes_conectados\.venv\Lib\site-packages\django\template\base.py", line 1000, in render
    return SafeString("".join([node.render_annotated(context) for node in self]))
                               ^^^^^^^^^^^^^^^^^^^^^^^^^^^^^^
  File "C:\Users\rapha\OneDrive\Documentos\GitHub\viajantes_conectados\.venv\Lib\site-packages\django\template\base.py", line 961, in render_annotated
    return self.render(context)
           ^^^^^^^^^^^^^^^^^^^^
  File "C:\Users\rapha\OneDrive\Documentos\GitHub\viajantes_conectados\.venv\Lib\site-packages\django\template\defaulttags.py", line 478, in render
    url = reverse(view_name, args=args, kwargs=kwargs, current_app=current_app)
          ^^^^^^^^^^^^^^^^^^^^^^^^^^^^^^^^^^^^^^^^^^^^^^^^^^^^^^^^^^^^^^^^^^^^^
  File "C:\Users\rapha\OneDrive\Documentos\GitHub\viajantes_conectados\.venv\Lib\site-packages\django\urls\base.py", line 88, in reverse
    return resolver._reverse_with_prefix(view, prefix, *args, **kwargs)
           ^^^^^^^^^^^^^^^^^^^^^^^^^^^^^^^^^^^^^^^^^^^^^^^^^^^^^^^^^^^^
  File "C:\Users\rapha\OneDrive\Documentos\GitHub\viajantes_conectados\.venv\Lib\site-packages\django\urls\resolvers.py", line 848, in _reverse_with_prefix
    raise NoReverseMatch(msg)
django.urls.exceptions.NoReverseMatch: Reverse for 'excluir_plano' not found. 'excluir_plano' is not a valid view function or pattern name.
ERROR 2026-03-14 13:22:24,984 runserver [35;1mHTTP GET /destinos/52ad1b40-fe72-49f2-81e3-0c46a261f80f/ 500 [0.04, 127.0.0.1:59616][0m
ERROR 2026-03-14 13:22:25,411 log Internal Server Error: /destinos/52ad1b40-fe72-49f2-81e3-0c46a261f80f/
Traceback (most recent call last):
  File "C:\Users\rapha\OneDrive\Documentos\GitHub\viajantes_conectados\.venv\Lib\site-packages\asgiref\sync.py", line 555, in thread_handler
    raise exc_info[1]
  File "C:\Users\rapha\OneDrive\Documentos\GitHub\viajantes_conectados\.venv\Lib\site-packages\django\core\handlers\exception.py", line 42, in inner
    response = await get_response(request)
               ^^^^^^^^^^^^^^^^^^^^^^^^^^^
  File "C:\Users\rapha\OneDrive\Documentos\GitHub\viajantes_conectados\.venv\Lib\site-packages\asgiref\sync.py", line 555, in thread_handler
    raise exc_info[1]
  File "C:\Users\rapha\OneDrive\Documentos\GitHub\viajantes_conectados\.venv\Lib\site-packages\django\core\handlers\base.py", line 253, in _get_response_async
    response = await wrapped_callback(
               ^^^^^^^^^^^^^^^^^^^^^^^
  File "C:\Users\rapha\OneDrive\Documentos\GitHub\viajantes_conectados\.venv\Lib\site-packages\asgiref\sync.py", line 504, in __call__
    ret = await asyncio.shield(exec_coro)
          ^^^^^^^^^^^^^^^^^^^^^^^^^^^^^^^
  File "C:\Users\rapha\OneDrive\Documentos\GitHub\viajantes_conectados\.venv\Lib\site-packages\asgiref\current_thread_executor.py", line 40, in run
    result = self.fn(*self.args, **self.kwargs)
             ^^^^^^^^^^^^^^^^^^^^^^^^^^^^^^^^^^
  File "C:\Users\rapha\OneDrive\Documentos\GitHub\viajantes_conectados\.venv\Lib\site-packages\asgiref\sync.py", line 559, in thread_handler
    return func(*args, **kwargs)
           ^^^^^^^^^^^^^^^^^^^^^
  File "C:\Users\rapha\OneDrive\Documentos\GitHub\viajantes_conectados\.venv\Lib\site-packages\django\contrib\auth\decorators.py", line 23, in _wrapper_view
    return view_func(request, *args, **kwargs)
           ^^^^^^^^^^^^^^^^^^^^^^^^^^^^^^^^^^^
  File "C:\Users\rapha\OneDrive\Documentos\GitHub\viajantes_conectados\.venv\Lib\site-packages\django\views\decorators\http.py", line 63, in inner
    return func(request, *args, **kwargs)
           ^^^^^^^^^^^^^^^^^^^^^^^^^^^^^^
  File "C:\Users\rapha\OneDrive\Documentos\GitHub\viajantes_conectados\apps\destinos\views.py", line 448, in view_detalhes_plano
    return render(request, 'destinos/detalhes_plano.html', contexto)
           ^^^^^^^^^^^^^^^^^^^^^^^^^^^^^^^^^^^^^^^^^^^^^^^^^^^^^^^^^
  File "C:\Users\rapha\OneDrive\Documentos\GitHub\viajantes_conectados\.venv\Lib\site-packages\django\shortcuts.py", line 24, in render
    content = loader.render_to_string(template_name, context, request, using=using)
              ^^^^^^^^^^^^^^^^^^^^^^^^^^^^^^^^^^^^^^^^^^^^^^^^^^^^^^^^^^^^^^^^^^^^^
  File "C:\Users\rapha\OneDrive\Documentos\GitHub\viajantes_conectados\.venv\Lib\site-packages\django\template\loader.py", line 62, in render_to_string
    return template.render(context, request)
           ^^^^^^^^^^^^^^^^^^^^^^^^^^^^^^^^^
  File "C:\Users\rapha\OneDrive\Documentos\GitHub\viajantes_conectados\.venv\Lib\site-packages\django\template\backends\django.py", line 61, in render
    return self.template.render(context)
           ^^^^^^^^^^^^^^^^^^^^^^^^^^^^^
  File "C:\Users\rapha\OneDrive\Documentos\GitHub\viajantes_conectados\.venv\Lib\site-packages\django\template\base.py", line 171, in render
    return self._render(context)
           ^^^^^^^^^^^^^^^^^^^^^
  File "C:\Users\rapha\OneDrive\Documentos\GitHub\viajantes_conectados\.venv\Lib\site-packages\django\template\base.py", line 163, in _render
    return self.nodelist.render(context)
           ^^^^^^^^^^^^^^^^^^^^^^^^^^^^^
  File "C:\Users\rapha\OneDrive\Documentos\GitHub\viajantes_conectados\.venv\Lib\site-packages\django\template\base.py", line 1000, in render
    return SafeString("".join([node.render_annotated(context) for node in self]))
                               ^^^^^^^^^^^^^^^^^^^^^^^^^^^^^^
  File "C:\Users\rapha\OneDrive\Documentos\GitHub\viajantes_conectados\.venv\Lib\site-packages\django\template\base.py", line 961, in render_annotated
    return self.render(context)
           ^^^^^^^^^^^^^^^^^^^^
  File "C:\Users\rapha\OneDrive\Documentos\GitHub\viajantes_conectados\.venv\Lib\site-packages\django\template\loader_tags.py", line 159, in render
    return compiled_parent._render(context)
           ^^^^^^^^^^^^^^^^^^^^^^^^^^^^^^^^
  File "C:\Users\rapha\OneDrive\Documentos\GitHub\viajantes_conectados\.venv\Lib\site-packages\django\template\base.py", line 163, in _render
    return self.nodelist.render(context)
           ^^^^^^^^^^^^^^^^^^^^^^^^^^^^^
  File "C:\Users\rapha\OneDrive\Documentos\GitHub\viajantes_conectados\.venv\Lib\site-packages\django\template\base.py", line 1000, in render
    return SafeString("".join([node.render_annotated(context) for node in self]))
                               ^^^^^^^^^^^^^^^^^^^^^^^^^^^^^^
  File "C:\Users\rapha\OneDrive\Documentos\GitHub\viajantes_conectados\.venv\Lib\site-packages\django\template\base.py", line 961, in render_annotated
    return self.render(context)
           ^^^^^^^^^^^^^^^^^^^^
  File "C:\Users\rapha\OneDrive\Documentos\GitHub\viajantes_conectados\.venv\Lib\site-packages\django\template\loader_tags.py", line 65, in render
    result = block.nodelist.render(context)
             ^^^^^^^^^^^^^^^^^^^^^^^^^^^^^^
  File "C:\Users\rapha\OneDrive\Documentos\GitHub\viajantes_conectados\.venv\Lib\site-packages\django\template\base.py", line 1000, in render
    return SafeString("".join([node.render_annotated(context) for node in self]))
                               ^^^^^^^^^^^^^^^^^^^^^^^^^^^^^^
  File "C:\Users\rapha\OneDrive\Documentos\GitHub\viajantes_conectados\.venv\Lib\site-packages\django\template\base.py", line 961, in render_annotated
    return self.render(context)
           ^^^^^^^^^^^^^^^^^^^^
  File "C:\Users\rapha\OneDrive\Documentos\GitHub\viajantes_conectados\.venv\Lib\site-packages\django\template\defaulttags.py", line 325, in render
    return nodelist.render(context)
           ^^^^^^^^^^^^^^^^^^^^^^^^
  File "C:\Users\rapha\OneDrive\Documentos\GitHub\viajantes_conectados\.venv\Lib\site-packages\django\template\base.py", line 1000, in render
    return SafeString("".join([node.render_annotated(context) for node in self]))
                               ^^^^^^^^^^^^^^^^^^^^^^^^^^^^^^
  File "C:\Users\rapha\OneDrive\Documentos\GitHub\viajantes_conectados\.venv\Lib\site-packages\django\template\base.py", line 961, in render_annotated
    return self.render(context)
           ^^^^^^^^^^^^^^^^^^^^
  File "C:\Users\rapha\OneDrive\Documentos\GitHub\viajantes_conectados\.venv\Lib\site-packages\django\template\defaulttags.py", line 478, in render
    url = reverse(view_name, args=args, kwargs=kwargs, current_app=current_app)
          ^^^^^^^^^^^^^^^^^^^^^^^^^^^^^^^^^^^^^^^^^^^^^^^^^^^^^^^^^^^^^^^^^^^^^
  File "C:\Users\rapha\OneDrive\Documentos\GitHub\viajantes_conectados\.venv\Lib\site-packages\django\urls\base.py", line 88, in reverse
    return resolver._reverse_with_prefix(view, prefix, *args, **kwargs)
           ^^^^^^^^^^^^^^^^^^^^^^^^^^^^^^^^^^^^^^^^^^^^^^^^^^^^^^^^^^^^
  File "C:\Users\rapha\OneDrive\Documentos\GitHub\viajantes_conectados\.venv\Lib\site-packages\django\urls\resolvers.py", line 848, in _reverse_with_prefix
    raise NoReverseMatch(msg)
django.urls.exceptions.NoReverseMatch: Reverse for 'excluir_plano' not found. 'excluir_plano' is not a valid view function or pattern name.
ERROR 2026-03-14 13:22:25,419 runserver [35;1mHTTP GET /destinos/52ad1b40-fe72-49f2-81e3-0c46a261f80f/ 500 [0.04, 127.0.0.1:59616][0m
ERROR 2026-03-14 13:22:26,086 log Internal Server Error: /destinos/52ad1b40-fe72-49f2-81e3-0c46a261f80f/
Traceback (most recent call last):
  File "C:\Users\rapha\OneDrive\Documentos\GitHub\viajantes_conectados\.venv\Lib\site-packages\asgiref\sync.py", line 555, in thread_handler
    raise exc_info[1]
  File "C:\Users\rapha\OneDrive\Documentos\GitHub\viajantes_conectados\.venv\Lib\site-packages\django\core\handlers\exception.py", line 42, in inner
    response = await get_response(request)
               ^^^^^^^^^^^^^^^^^^^^^^^^^^^
  File "C:\Users\rapha\OneDrive\Documentos\GitHub\viajantes_conectados\.venv\Lib\site-packages\asgiref\sync.py", line 555, in thread_handler
    raise exc_info[1]
  File "C:\Users\rapha\OneDrive\Documentos\GitHub\viajantes_conectados\.venv\Lib\site-packages\django\core\handlers\base.py", line 253, in _get_response_async
    response = await wrapped_callback(
               ^^^^^^^^^^^^^^^^^^^^^^^
  File "C:\Users\rapha\OneDrive\Documentos\GitHub\viajantes_conectados\.venv\Lib\site-packages\asgiref\sync.py", line 504, in __call__
    ret = await asyncio.shield(exec_coro)
          ^^^^^^^^^^^^^^^^^^^^^^^^^^^^^^^
  File "C:\Users\rapha\OneDrive\Documentos\GitHub\viajantes_conectados\.venv\Lib\site-packages\asgiref\current_thread_executor.py", line 40, in run
    result = self.fn(*self.args, **self.kwargs)
             ^^^^^^^^^^^^^^^^^^^^^^^^^^^^^^^^^^
  File "C:\Users\rapha\OneDrive\Documentos\GitHub\viajantes_conectados\.venv\Lib\site-packages\asgiref\sync.py", line 559, in thread_handler
    return func(*args, **kwargs)
           ^^^^^^^^^^^^^^^^^^^^^
  File "C:\Users\rapha\OneDrive\Documentos\GitHub\viajantes_conectados\.venv\Lib\site-packages\django\contrib\auth\decorators.py", line 23, in _wrapper_view
    return view_func(request, *args, **kwargs)
           ^^^^^^^^^^^^^^^^^^^^^^^^^^^^^^^^^^^
  File "C:\Users\rapha\OneDrive\Documentos\GitHub\viajantes_conectados\.venv\Lib\site-packages\django\views\decorators\http.py", line 63, in inner
    return func(request, *args, **kwargs)
           ^^^^^^^^^^^^^^^^^^^^^^^^^^^^^^
  File "C:\Users\rapha\OneDrive\Documentos\GitHub\viajantes_conectados\apps\destinos\views.py", line 448, in view_detalhes_plano
    return render(request, 'destinos/detalhes_plano.html', contexto)
           ^^^^^^^^^^^^^^^^^^^^^^^^^^^^^^^^^^^^^^^^^^^^^^^^^^^^^^^^^
  File "C:\Users\rapha\OneDrive\Documentos\GitHub\viajantes_conectados\.venv\Lib\site-packages\django\shortcuts.py", line 24, in render
    content = loader.render_to_string(template_name, context, request, using=using)
              ^^^^^^^^^^^^^^^^^^^^^^^^^^^^^^^^^^^^^^^^^^^^^^^^^^^^^^^^^^^^^^^^^^^^^
  File "C:\Users\rapha\OneDrive\Documentos\GitHub\viajantes_conectados\.venv\Lib\site-packages\django\template\loader.py", line 62, in render_to_string
    return template.render(context, request)
           ^^^^^^^^^^^^^^^^^^^^^^^^^^^^^^^^^
  File "C:\Users\rapha\OneDrive\Documentos\GitHub\viajantes_conectados\.venv\Lib\site-packages\django\template\backends\django.py", line 61, in render
    return self.template.render(context)
           ^^^^^^^^^^^^^^^^^^^^^^^^^^^^^
  File "C:\Users\rapha\OneDrive\Documentos\GitHub\viajantes_conectados\.venv\Lib\site-packages\django\template\base.py", line 171, in render
    return self._render(context)
           ^^^^^^^^^^^^^^^^^^^^^
  File "C:\Users\rapha\OneDrive\Documentos\GitHub\viajantes_conectados\.venv\Lib\site-packages\django\template\base.py", line 163, in _render
    return self.nodelist.render(context)
           ^^^^^^^^^^^^^^^^^^^^^^^^^^^^^
  File "C:\Users\rapha\OneDrive\Documentos\GitHub\viajantes_conectados\.venv\Lib\site-packages\django\template\base.py", line 1000, in render
    return SafeString("".join([node.render_annotated(context) for node in self]))
                               ^^^^^^^^^^^^^^^^^^^^^^^^^^^^^^
  File "C:\Users\rapha\OneDrive\Documentos\GitHub\viajantes_conectados\.venv\Lib\site-packages\django\template\base.py", line 961, in render_annotated
    return self.render(context)
           ^^^^^^^^^^^^^^^^^^^^
  File "C:\Users\rapha\OneDrive\Documentos\GitHub\viajantes_conectados\.venv\Lib\site-packages\django\template\loader_tags.py", line 159, in render
    return compiled_parent._render(context)
           ^^^^^^^^^^^^^^^^^^^^^^^^^^^^^^^^
  File "C:\Users\rapha\OneDrive\Documentos\GitHub\viajantes_conectados\.venv\Lib\site-packages\django\template\base.py", line 163, in _render
    return self.nodelist.render(context)
           ^^^^^^^^^^^^^^^^^^^^^^^^^^^^^
  File "C:\Users\rapha\OneDrive\Documentos\GitHub\viajantes_conectados\.venv\Lib\site-packages\django\template\base.py", line 1000, in render
    return SafeString("".join([node.render_annotated(context) for node in self]))
                               ^^^^^^^^^^^^^^^^^^^^^^^^^^^^^^
  File "C:\Users\rapha\OneDrive\Documentos\GitHub\viajantes_conectados\.venv\Lib\site-packages\django\template\base.py", line 961, in render_annotated
    return self.render(context)
           ^^^^^^^^^^^^^^^^^^^^
  File "C:\Users\rapha\OneDrive\Documentos\GitHub\viajantes_conectados\.venv\Lib\site-packages\django\template\loader_tags.py", line 65, in render
    result = block.nodelist.render(context)
             ^^^^^^^^^^^^^^^^^^^^^^^^^^^^^^
  File "C:\Users\rapha\OneDrive\Documentos\GitHub\viajantes_conectados\.venv\Lib\site-packages\django\template\base.py", line 1000, in render
    return SafeString("".join([node.render_annotated(context) for node in self]))
                               ^^^^^^^^^^^^^^^^^^^^^^^^^^^^^^
  File "C:\Users\rapha\OneDrive\Documentos\GitHub\viajantes_conectados\.venv\Lib\site-packages\django\template\base.py", line 961, in render_annotated
    return self.render(context)
           ^^^^^^^^^^^^^^^^^^^^
  File "C:\Users\rapha\OneDrive\Documentos\GitHub\viajantes_conectados\.venv\Lib\site-packages\django\template\defaulttags.py", line 325, in render
    return nodelist.render(context)
           ^^^^^^^^^^^^^^^^^^^^^^^^
  File "C:\Users\rapha\OneDrive\Documentos\GitHub\viajantes_conectados\.venv\Lib\site-packages\django\template\base.py", line 1000, in render
    return SafeString("".join([node.render_annotated(context) for node in self]))
                               ^^^^^^^^^^^^^^^^^^^^^^^^^^^^^^
  File "C:\Users\rapha\OneDrive\Documentos\GitHub\viajantes_conectados\.venv\Lib\site-packages\django\template\base.py", line 961, in render_annotated
    return self.render(context)
           ^^^^^^^^^^^^^^^^^^^^
  File "C:\Users\rapha\OneDrive\Documentos\GitHub\viajantes_conectados\.venv\Lib\site-packages\django\template\defaulttags.py", line 478, in render
    url = reverse(view_name, args=args, kwargs=kwargs, current_app=current_app)
          ^^^^^^^^^^^^^^^^^^^^^^^^^^^^^^^^^^^^^^^^^^^^^^^^^^^^^^^^^^^^^^^^^^^^^
  File "C:\Users\rapha\OneDrive\Documentos\GitHub\viajantes_conectados\.venv\Lib\site-packages\django\urls\base.py", line 88, in reverse
    return resolver._reverse_with_prefix(view, prefix, *args, **kwargs)
           ^^^^^^^^^^^^^^^^^^^^^^^^^^^^^^^^^^^^^^^^^^^^^^^^^^^^^^^^^^^^
  File "C:\Users\rapha\OneDrive\Documentos\GitHub\viajantes_conectados\.venv\Lib\site-packages\django\urls\resolvers.py", line 848, in _reverse_with_prefix
    raise NoReverseMatch(msg)
django.urls.exceptions.NoReverseMatch: Reverse for 'excluir_plano' not found. 'excluir_plano' is not a valid view function or pattern name.
ERROR 2026-03-14 13:22:26,093 runserver [35;1mHTTP GET /destinos/52ad1b40-fe72-49f2-81e3-0c46a261f80f/ 500 [0.03, 127.0.0.1:59616][0m
ERROR 2026-03-14 13:22:28,321 log Internal Server Error: /destinos/52ad1b40-fe72-49f2-81e3-0c46a261f80f/
Traceback (most recent call last):
  File "C:\Users\rapha\OneDrive\Documentos\GitHub\viajantes_conectados\.venv\Lib\site-packages\asgiref\sync.py", line 555, in thread_handler
    raise exc_info[1]
  File "C:\Users\rapha\OneDrive\Documentos\GitHub\viajantes_conectados\.venv\Lib\site-packages\django\core\handlers\exception.py", line 42, in inner
    response = await get_response(request)
               ^^^^^^^^^^^^^^^^^^^^^^^^^^^
  File "C:\Users\rapha\OneDrive\Documentos\GitHub\viajantes_conectados\.venv\Lib\site-packages\asgiref\sync.py", line 555, in thread_handler
    raise exc_info[1]
  File "C:\Users\rapha\OneDrive\Documentos\GitHub\viajantes_conectados\.venv\Lib\site-packages\django\core\handlers\base.py", line 253, in _get_response_async
    response = await wrapped_callback(
               ^^^^^^^^^^^^^^^^^^^^^^^
  File "C:\Users\rapha\OneDrive\Documentos\GitHub\viajantes_conectados\.venv\Lib\site-packages\asgiref\sync.py", line 504, in __call__
    ret = await asyncio.shield(exec_coro)
          ^^^^^^^^^^^^^^^^^^^^^^^^^^^^^^^
  File "C:\Users\rapha\OneDrive\Documentos\GitHub\viajantes_conectados\.venv\Lib\site-packages\asgiref\current_thread_executor.py", line 40, in run
    result = self.fn(*self.args, **self.kwargs)
             ^^^^^^^^^^^^^^^^^^^^^^^^^^^^^^^^^^
  File "C:\Users\rapha\OneDrive\Documentos\GitHub\viajantes_conectados\.venv\Lib\site-packages\asgiref\sync.py", line 559, in thread_handler
    return func(*args, **kwargs)
           ^^^^^^^^^^^^^^^^^^^^^
  File "C:\Users\rapha\OneDrive\Documentos\GitHub\viajantes_conectados\.venv\Lib\site-packages\django\contrib\auth\decorators.py", line 23, in _wrapper_view
    return view_func(request, *args, **kwargs)
           ^^^^^^^^^^^^^^^^^^^^^^^^^^^^^^^^^^^
  File "C:\Users\rapha\OneDrive\Documentos\GitHub\viajantes_conectados\.venv\Lib\site-packages\django\views\decorators\http.py", line 63, in inner
    return func(request, *args, **kwargs)
           ^^^^^^^^^^^^^^^^^^^^^^^^^^^^^^
  File "C:\Users\rapha\OneDrive\Documentos\GitHub\viajantes_conectados\apps\destinos\views.py", line 448, in view_detalhes_plano
    return render(request, 'destinos/detalhes_plano.html', contexto)
           ^^^^^^^^^^^^^^^^^^^^^^^^^^^^^^^^^^^^^^^^^^^^^^^^^^^^^^^^^
  File "C:\Users\rapha\OneDrive\Documentos\GitHub\viajantes_conectados\.venv\Lib\site-packages\django\shortcuts.py", line 24, in render
    content = loader.render_to_string(template_name, context, request, using=using)
              ^^^^^^^^^^^^^^^^^^^^^^^^^^^^^^^^^^^^^^^^^^^^^^^^^^^^^^^^^^^^^^^^^^^^^
  File "C:\Users\rapha\OneDrive\Documentos\GitHub\viajantes_conectados\.venv\Lib\site-packages\django\template\loader.py", line 62, in render_to_string
    return template.render(context, request)
           ^^^^^^^^^^^^^^^^^^^^^^^^^^^^^^^^^
  File "C:\Users\rapha\OneDrive\Documentos\GitHub\viajantes_conectados\.venv\Lib\site-packages\django\template\backends\django.py", line 61, in render
    return self.template.render(context)
           ^^^^^^^^^^^^^^^^^^^^^^^^^^^^^
  File "C:\Users\rapha\OneDrive\Documentos\GitHub\viajantes_conectados\.venv\Lib\site-packages\django\template\base.py", line 171, in render
    return self._render(context)
           ^^^^^^^^^^^^^^^^^^^^^
  File "C:\Users\rapha\OneDrive\Documentos\GitHub\viajantes_conectados\.venv\Lib\site-packages\django\template\base.py", line 163, in _render
    return self.nodelist.render(context)
           ^^^^^^^^^^^^^^^^^^^^^^^^^^^^^
  File "C:\Users\rapha\OneDrive\Documentos\GitHub\viajantes_conectados\.venv\Lib\site-packages\django\template\base.py", line 1000, in render
    return SafeString("".join([node.render_annotated(context) for node in self]))
                               ^^^^^^^^^^^^^^^^^^^^^^^^^^^^^^
  File "C:\Users\rapha\OneDrive\Documentos\GitHub\viajantes_conectados\.venv\Lib\site-packages\django\template\base.py", line 961, in render_annotated
    return self.render(context)
           ^^^^^^^^^^^^^^^^^^^^
  File "C:\Users\rapha\OneDrive\Documentos\GitHub\viajantes_conectados\.venv\Lib\site-packages\django\template\loader_tags.py", line 159, in render
    return compiled_parent._render(context)
           ^^^^^^^^^^^^^^^^^^^^^^^^^^^^^^^^
  File "C:\Users\rapha\OneDrive\Documentos\GitHub\viajantes_conectados\.venv\Lib\site-packages\django\template\base.py", line 163, in _render
    return self.nodelist.render(context)
           ^^^^^^^^^^^^^^^^^^^^^^^^^^^^^
  File "C:\Users\rapha\OneDrive\Documentos\GitHub\viajantes_conectados\.venv\Lib\site-packages\django\template\base.py", line 1000, in render
    return SafeString("".join([node.render_annotated(context) for node in self]))
                               ^^^^^^^^^^^^^^^^^^^^^^^^^^^^^^
  File "C:\Users\rapha\OneDrive\Documentos\GitHub\viajantes_conectados\.venv\Lib\site-packages\django\template\base.py", line 961, in render_annotated
    return self.render(context)
           ^^^^^^^^^^^^^^^^^^^^
  File "C:\Users\rapha\OneDrive\Documentos\GitHub\viajantes_conectados\.venv\Lib\site-packages\django\template\loader_tags.py", line 65, in render
    result = block.nodelist.render(context)
             ^^^^^^^^^^^^^^^^^^^^^^^^^^^^^^
  File "C:\Users\rapha\OneDrive\Documentos\GitHub\viajantes_conectados\.venv\Lib\site-packages\django\template\base.py", line 1000, in render
    return SafeString("".join([node.render_annotated(context) for node in self]))
                               ^^^^^^^^^^^^^^^^^^^^^^^^^^^^^^
  File "C:\Users\rapha\OneDrive\Documentos\GitHub\viajantes_conectados\.venv\Lib\site-packages\django\template\base.py", line 961, in render_annotated
    return self.render(context)
           ^^^^^^^^^^^^^^^^^^^^
  File "C:\Users\rapha\OneDrive\Documentos\GitHub\viajantes_conectados\.venv\Lib\site-packages\django\template\defaulttags.py", line 325, in render
    return nodelist.render(context)
           ^^^^^^^^^^^^^^^^^^^^^^^^
  File "C:\Users\rapha\OneDrive\Documentos\GitHub\viajantes_conectados\.venv\Lib\site-packages\django\template\base.py", line 1000, in render
    return SafeString("".join([node.render_annotated(context) for node in self]))
                               ^^^^^^^^^^^^^^^^^^^^^^^^^^^^^^
  File "C:\Users\rapha\OneDrive\Documentos\GitHub\viajantes_conectados\.venv\Lib\site-packages\django\template\base.py", line 961, in render_annotated
    return self.render(context)
           ^^^^^^^^^^^^^^^^^^^^
  File "C:\Users\rapha\OneDrive\Documentos\GitHub\viajantes_conectados\.venv\Lib\site-packages\django\template\defaulttags.py", line 478, in render
    url = reverse(view_name, args=args, kwargs=kwargs, current_app=current_app)
          ^^^^^^^^^^^^^^^^^^^^^^^^^^^^^^^^^^^^^^^^^^^^^^^^^^^^^^^^^^^^^^^^^^^^^
  File "C:\Users\rapha\OneDrive\Documentos\GitHub\viajantes_conectados\.venv\Lib\site-packages\django\urls\base.py", line 88, in reverse
    return resolver._reverse_with_prefix(view, prefix, *args, **kwargs)
           ^^^^^^^^^^^^^^^^^^^^^^^^^^^^^^^^^^^^^^^^^^^^^^^^^^^^^^^^^^^^
  File "C:\Users\rapha\OneDrive\Documentos\GitHub\viajantes_conectados\.venv\Lib\site-packages\django\urls\resolvers.py", line 848, in _reverse_with_prefix
    raise NoReverseMatch(msg)
django.urls.exceptions.NoReverseMatch: Reverse for 'excluir_plano' not found. 'excluir_plano' is not a valid view function or pattern name.
ERROR 2026-03-14 13:22:28,336 runserver [35;1mHTTP GET /destinos/52ad1b40-fe72-49f2-81e3-0c46a261f80f/ 500 [0.07, 127.0.0.1:59616][0m
ERROR 2026-03-14 13:22:50,587 log Internal Server Error: /destinos/52ad1b40-fe72-49f2-81e3-0c46a261f80f/
Traceback (most recent call last):
  File "C:\Users\rapha\OneDrive\Documentos\GitHub\viajantes_conectados\.venv\Lib\site-packages\asgiref\sync.py", line 555, in thread_handler
    raise exc_info[1]
  File "C:\Users\rapha\OneDrive\Documentos\GitHub\viajantes_conectados\.venv\Lib\site-packages\django\core\handlers\exception.py", line 42, in inner
    response = await get_response(request)
               ^^^^^^^^^^^^^^^^^^^^^^^^^^^
  File "C:\Users\rapha\OneDrive\Documentos\GitHub\viajantes_conectados\.venv\Lib\site-packages\asgiref\sync.py", line 555, in thread_handler
    raise exc_info[1]
  File "C:\Users\rapha\OneDrive\Documentos\GitHub\viajantes_conectados\.venv\Lib\site-packages\django\core\handlers\base.py", line 253, in _get_response_async
    response = await wrapped_callback(
               ^^^^^^^^^^^^^^^^^^^^^^^
  File "C:\Users\rapha\OneDrive\Documentos\GitHub\viajantes_conectados\.venv\Lib\site-packages\asgiref\sync.py", line 504, in __call__
    ret = await asyncio.shield(exec_coro)
          ^^^^^^^^^^^^^^^^^^^^^^^^^^^^^^^
  File "C:\Users\rapha\OneDrive\Documentos\GitHub\viajantes_conectados\.venv\Lib\site-packages\asgiref\current_thread_executor.py", line 40, in run
    result = self.fn(*self.args, **self.kwargs)
             ^^^^^^^^^^^^^^^^^^^^^^^^^^^^^^^^^^
  File "C:\Users\rapha\OneDrive\Documentos\GitHub\viajantes_conectados\.venv\Lib\site-packages\asgiref\sync.py", line 559, in thread_handler
    return func(*args, **kwargs)
           ^^^^^^^^^^^^^^^^^^^^^
  File "C:\Users\rapha\OneDrive\Documentos\GitHub\viajantes_conectados\.venv\Lib\site-packages\django\contrib\auth\decorators.py", line 23, in _wrapper_view
    return view_func(request, *args, **kwargs)
           ^^^^^^^^^^^^^^^^^^^^^^^^^^^^^^^^^^^
  File "C:\Users\rapha\OneDrive\Documentos\GitHub\viajantes_conectados\.venv\Lib\site-packages\django\views\decorators\http.py", line 63, in inner
    return func(request, *args, **kwargs)
           ^^^^^^^^^^^^^^^^^^^^^^^^^^^^^^
  File "C:\Users\rapha\OneDrive\Documentos\GitHub\viajantes_conectados\apps\destinos\views.py", line 448, in view_detalhes_plano
    return render(request, 'destinos/detalhes_plano.html', contexto)
           ^^^^^^^^^^^^^^^^^^^^^^^^^^^^^^^^^^^^^^^^^^^^^^^^^^^^^^^^^
  File "C:\Users\rapha\OneDrive\Documentos\GitHub\viajantes_conectados\.venv\Lib\site-packages\django\shortcuts.py", line 24, in render
    content = loader.render_to_string(template_name, context, request, using=using)
              ^^^^^^^^^^^^^^^^^^^^^^^^^^^^^^^^^^^^^^^^^^^^^^^^^^^^^^^^^^^^^^^^^^^^^
  File "C:\Users\rapha\OneDrive\Documentos\GitHub\viajantes_conectados\.venv\Lib\site-packages\django\template\loader.py", line 62, in render_to_string
    return template.render(context, request)
           ^^^^^^^^^^^^^^^^^^^^^^^^^^^^^^^^^
  File "C:\Users\rapha\OneDrive\Documentos\GitHub\viajantes_conectados\.venv\Lib\site-packages\django\template\backends\django.py", line 61, in render
    return self.template.render(context)
           ^^^^^^^^^^^^^^^^^^^^^^^^^^^^^
  File "C:\Users\rapha\OneDrive\Documentos\GitHub\viajantes_conectados\.venv\Lib\site-packages\django\template\base.py", line 171, in render
    return self._render(context)
           ^^^^^^^^^^^^^^^^^^^^^
  File "C:\Users\rapha\OneDrive\Documentos\GitHub\viajantes_conectados\.venv\Lib\site-packages\django\template\base.py", line 163, in _render
    return self.nodelist.render(context)
           ^^^^^^^^^^^^^^^^^^^^^^^^^^^^^
  File "C:\Users\rapha\OneDrive\Documentos\GitHub\viajantes_conectados\.venv\Lib\site-packages\django\template\base.py", line 1000, in render
    return SafeString("".join([node.render_annotated(context) for node in self]))
                               ^^^^^^^^^^^^^^^^^^^^^^^^^^^^^^
  File "C:\Users\rapha\OneDrive\Documentos\GitHub\viajantes_conectados\.venv\Lib\site-packages\django\template\base.py", line 961, in render_annotated
    return self.render(context)
           ^^^^^^^^^^^^^^^^^^^^
  File "C:\Users\rapha\OneDrive\Documentos\GitHub\viajantes_conectados\.venv\Lib\site-packages\django\template\loader_tags.py", line 159, in render
    return compiled_parent._render(context)
           ^^^^^^^^^^^^^^^^^^^^^^^^^^^^^^^^
  File "C:\Users\rapha\OneDrive\Documentos\GitHub\viajantes_conectados\.venv\Lib\site-packages\django\template\base.py", line 163, in _render
    return self.nodelist.render(context)
           ^^^^^^^^^^^^^^^^^^^^^^^^^^^^^
  File "C:\Users\rapha\OneDrive\Documentos\GitHub\viajantes_conectados\.venv\Lib\site-packages\django\template\base.py", line 1000, in render
    return SafeString("".join([node.render_annotated(context) for node in self]))
                               ^^^^^^^^^^^^^^^^^^^^^^^^^^^^^^
  File "C:\Users\rapha\OneDrive\Documentos\GitHub\viajantes_conectados\.venv\Lib\site-packages\django\template\base.py", line 961, in render_annotated
    return self.render(context)
           ^^^^^^^^^^^^^^^^^^^^
  File "C:\Users\rapha\OneDrive\Documentos\GitHub\viajantes_conectados\.venv\Lib\site-packages\django\template\loader_tags.py", line 65, in render
    result = block.nodelist.render(context)
             ^^^^^^^^^^^^^^^^^^^^^^^^^^^^^^
  File "C:\Users\rapha\OneDrive\Documentos\GitHub\viajantes_conectados\.venv\Lib\site-packages\django\template\base.py", line 1000, in render
    return SafeString("".join([node.render_annotated(context) for node in self]))
                               ^^^^^^^^^^^^^^^^^^^^^^^^^^^^^^
  File "C:\Users\rapha\OneDrive\Documentos\GitHub\viajantes_conectados\.venv\Lib\site-packages\django\template\base.py", line 961, in render_annotated
    return self.render(context)
           ^^^^^^^^^^^^^^^^^^^^
  File "C:\Users\rapha\OneDrive\Documentos\GitHub\viajantes_conectados\.venv\Lib\site-packages\django\template\defaulttags.py", line 325, in render
    return nodelist.render(context)
           ^^^^^^^^^^^^^^^^^^^^^^^^
  File "C:\Users\rapha\OneDrive\Documentos\GitHub\viajantes_conectados\.venv\Lib\site-packages\django\template\base.py", line 1000, in render
    return SafeString("".join([node.render_annotated(context) for node in self]))
                               ^^^^^^^^^^^^^^^^^^^^^^^^^^^^^^
  File "C:\Users\rapha\OneDrive\Documentos\GitHub\viajantes_conectados\.venv\Lib\site-packages\django\template\base.py", line 961, in render_annotated
    return self.render(context)
           ^^^^^^^^^^^^^^^^^^^^
  File "C:\Users\rapha\OneDrive\Documentos\GitHub\viajantes_conectados\.venv\Lib\site-packages\django\template\defaulttags.py", line 325, in render
    return nodelist.render(context)
           ^^^^^^^^^^^^^^^^^^^^^^^^
  File "C:\Users\rapha\OneDrive\Documentos\GitHub\viajantes_conectados\.venv\Lib\site-packages\django\template\base.py", line 1000, in render
    return SafeString("".join([node.render_annotated(context) for node in self]))
                               ^^^^^^^^^^^^^^^^^^^^^^^^^^^^^^
  File "C:\Users\rapha\OneDrive\Documentos\GitHub\viajantes_conectados\.venv\Lib\site-packages\django\template\base.py", line 961, in render_annotated
    return self.render(context)
           ^^^^^^^^^^^^^^^^^^^^
  File "C:\Users\rapha\OneDrive\Documentos\GitHub\viajantes_conectados\.venv\Lib\site-packages\django\template\defaulttags.py", line 478, in render
    url = reverse(view_name, args=args, kwargs=kwargs, current_app=current_app)
          ^^^^^^^^^^^^^^^^^^^^^^^^^^^^^^^^^^^^^^^^^^^^^^^^^^^^^^^^^^^^^^^^^^^^^
  File "C:\Users\rapha\OneDrive\Documentos\GitHub\viajantes_conectados\.venv\Lib\site-packages\django\urls\base.py", line 88, in reverse
    return resolver._reverse_with_prefix(view, prefix, *args, **kwargs)
           ^^^^^^^^^^^^^^^^^^^^^^^^^^^^^^^^^^^^^^^^^^^^^^^^^^^^^^^^^^^^
  File "C:\Users\rapha\OneDrive\Documentos\GitHub\viajantes_conectados\.venv\Lib\site-packages\django\urls\resolvers.py", line 848, in _reverse_with_prefix
    raise NoReverseMatch(msg)
django.urls.exceptions.NoReverseMatch: Reverse for 'editar_plano' with arguments '(2,)' not found. 1 pattern(s) tried: ['destinos/(?P<uuid>[0-9a-f]{8}-[0-9a-f]{4}-[0-9a-f]{4}-[0-9a-f]{4}-[0-9a-f]{12})/editar/\\Z']
ERROR 2026-03-14 13:22:50,609 runserver [35;1mHTTP GET /destinos/52ad1b40-fe72-49f2-81e3-0c46a261f80f/ 500 [0.09, 127.0.0.1:59616][0m
ERROR 2026-03-14 13:22:51,182 log Internal Server Error: /destinos/52ad1b40-fe72-49f2-81e3-0c46a261f80f/
Traceback (most recent call last):
  File "C:\Users\rapha\OneDrive\Documentos\GitHub\viajantes_conectados\.venv\Lib\site-packages\asgiref\sync.py", line 555, in thread_handler
    raise exc_info[1]
  File "C:\Users\rapha\OneDrive\Documentos\GitHub\viajantes_conectados\.venv\Lib\site-packages\django\core\handlers\exception.py", line 42, in inner
    response = await get_response(request)
               ^^^^^^^^^^^^^^^^^^^^^^^^^^^
  File "C:\Users\rapha\OneDrive\Documentos\GitHub\viajantes_conectados\.venv\Lib\site-packages\asgiref\sync.py", line 555, in thread_handler
    raise exc_info[1]
  File "C:\Users\rapha\OneDrive\Documentos\GitHub\viajantes_conectados\.venv\Lib\site-packages\django\core\handlers\base.py", line 253, in _get_response_async
    response = await wrapped_callback(
               ^^^^^^^^^^^^^^^^^^^^^^^
  File "C:\Users\rapha\OneDrive\Documentos\GitHub\viajantes_conectados\.venv\Lib\site-packages\asgiref\sync.py", line 504, in __call__
    ret = await asyncio.shield(exec_coro)
          ^^^^^^^^^^^^^^^^^^^^^^^^^^^^^^^
  File "C:\Users\rapha\OneDrive\Documentos\GitHub\viajantes_conectados\.venv\Lib\site-packages\asgiref\current_thread_executor.py", line 40, in run
    result = self.fn(*self.args, **self.kwargs)
             ^^^^^^^^^^^^^^^^^^^^^^^^^^^^^^^^^^
  File "C:\Users\rapha\OneDrive\Documentos\GitHub\viajantes_conectados\.venv\Lib\site-packages\asgiref\sync.py", line 559, in thread_handler
    return func(*args, **kwargs)
           ^^^^^^^^^^^^^^^^^^^^^
  File "C:\Users\rapha\OneDrive\Documentos\GitHub\viajantes_conectados\.venv\Lib\site-packages\django\contrib\auth\decorators.py", line 23, in _wrapper_view
    return view_func(request, *args, **kwargs)
           ^^^^^^^^^^^^^^^^^^^^^^^^^^^^^^^^^^^
  File "C:\Users\rapha\OneDrive\Documentos\GitHub\viajantes_conectados\.venv\Lib\site-packages\django\views\decorators\http.py", line 63, in inner
    return func(request, *args, **kwargs)
           ^^^^^^^^^^^^^^^^^^^^^^^^^^^^^^
  File "C:\Users\rapha\OneDrive\Documentos\GitHub\viajantes_conectados\apps\destinos\views.py", line 448, in view_detalhes_plano
    return render(request, 'destinos/detalhes_plano.html', contexto)
           ^^^^^^^^^^^^^^^^^^^^^^^^^^^^^^^^^^^^^^^^^^^^^^^^^^^^^^^^^
  File "C:\Users\rapha\OneDrive\Documentos\GitHub\viajantes_conectados\.venv\Lib\site-packages\django\shortcuts.py", line 24, in render
    content = loader.render_to_string(template_name, context, request, using=using)
              ^^^^^^^^^^^^^^^^^^^^^^^^^^^^^^^^^^^^^^^^^^^^^^^^^^^^^^^^^^^^^^^^^^^^^
  File "C:\Users\rapha\OneDrive\Documentos\GitHub\viajantes_conectados\.venv\Lib\site-packages\django\template\loader.py", line 62, in render_to_string
    return template.render(context, request)
           ^^^^^^^^^^^^^^^^^^^^^^^^^^^^^^^^^
  File "C:\Users\rapha\OneDrive\Documentos\GitHub\viajantes_conectados\.venv\Lib\site-packages\django\template\backends\django.py", line 61, in render
    return self.template.render(context)
           ^^^^^^^^^^^^^^^^^^^^^^^^^^^^^
  File "C:\Users\rapha\OneDrive\Documentos\GitHub\viajantes_conectados\.venv\Lib\site-packages\django\template\base.py", line 171, in render
    return self._render(context)
           ^^^^^^^^^^^^^^^^^^^^^
  File "C:\Users\rapha\OneDrive\Documentos\GitHub\viajantes_conectados\.venv\Lib\site-packages\django\template\base.py", line 163, in _render
    return self.nodelist.render(context)
           ^^^^^^^^^^^^^^^^^^^^^^^^^^^^^
  File "C:\Users\rapha\OneDrive\Documentos\GitHub\viajantes_conectados\.venv\Lib\site-packages\django\template\base.py", line 1000, in render
    return SafeString("".join([node.render_annotated(context) for node in self]))
                               ^^^^^^^^^^^^^^^^^^^^^^^^^^^^^^
  File "C:\Users\rapha\OneDrive\Documentos\GitHub\viajantes_conectados\.venv\Lib\site-packages\django\template\base.py", line 961, in render_annotated
    return self.render(context)
           ^^^^^^^^^^^^^^^^^^^^
  File "C:\Users\rapha\OneDrive\Documentos\GitHub\viajantes_conectados\.venv\Lib\site-packages\django\template\loader_tags.py", line 159, in render
    return compiled_parent._render(context)
           ^^^^^^^^^^^^^^^^^^^^^^^^^^^^^^^^
  File "C:\Users\rapha\OneDrive\Documentos\GitHub\viajantes_conectados\.venv\Lib\site-packages\django\template\base.py", line 163, in _render
    return self.nodelist.render(context)
           ^^^^^^^^^^^^^^^^^^^^^^^^^^^^^
  File "C:\Users\rapha\OneDrive\Documentos\GitHub\viajantes_conectados\.venv\Lib\site-packages\django\template\base.py", line 1000, in render
    return SafeString("".join([node.render_annotated(context) for node in self]))
                               ^^^^^^^^^^^^^^^^^^^^^^^^^^^^^^
  File "C:\Users\rapha\OneDrive\Documentos\GitHub\viajantes_conectados\.venv\Lib\site-packages\django\template\base.py", line 961, in render_annotated
    return self.render(context)
           ^^^^^^^^^^^^^^^^^^^^
  File "C:\Users\rapha\OneDrive\Documentos\GitHub\viajantes_conectados\.venv\Lib\site-packages\django\template\loader_tags.py", line 65, in render
    result = block.nodelist.render(context)
             ^^^^^^^^^^^^^^^^^^^^^^^^^^^^^^
  File "C:\Users\rapha\OneDrive\Documentos\GitHub\viajantes_conectados\.venv\Lib\site-packages\django\template\base.py", line 1000, in render
    return SafeString("".join([node.render_annotated(context) for node in self]))
                               ^^^^^^^^^^^^^^^^^^^^^^^^^^^^^^
  File "C:\Users\rapha\OneDrive\Documentos\GitHub\viajantes_conectados\.venv\Lib\site-packages\django\template\base.py", line 961, in render_annotated
    return self.render(context)
           ^^^^^^^^^^^^^^^^^^^^
  File "C:\Users\rapha\OneDrive\Documentos\GitHub\viajantes_conectados\.venv\Lib\site-packages\django\template\defaulttags.py", line 325, in render
    return nodelist.render(context)
           ^^^^^^^^^^^^^^^^^^^^^^^^
  File "C:\Users\rapha\OneDrive\Documentos\GitHub\viajantes_conectados\.venv\Lib\site-packages\django\template\base.py", line 1000, in render
    return SafeString("".join([node.render_annotated(context) for node in self]))
                               ^^^^^^^^^^^^^^^^^^^^^^^^^^^^^^
  File "C:\Users\rapha\OneDrive\Documentos\GitHub\viajantes_conectados\.venv\Lib\site-packages\django\template\base.py", line 961, in render_annotated
    return self.render(context)
           ^^^^^^^^^^^^^^^^^^^^
  File "C:\Users\rapha\OneDrive\Documentos\GitHub\viajantes_conectados\.venv\Lib\site-packages\django\template\defaulttags.py", line 325, in render
    return nodelist.render(context)
           ^^^^^^^^^^^^^^^^^^^^^^^^
  File "C:\Users\rapha\OneDrive\Documentos\GitHub\viajantes_conectados\.venv\Lib\site-packages\django\template\base.py", line 1000, in render
    return SafeString("".join([node.render_annotated(context) for node in self]))
                               ^^^^^^^^^^^^^^^^^^^^^^^^^^^^^^
  File "C:\Users\rapha\OneDrive\Documentos\GitHub\viajantes_conectados\.venv\Lib\site-packages\django\template\base.py", line 961, in render_annotated
    return self.render(context)
           ^^^^^^^^^^^^^^^^^^^^
  File "C:\Users\rapha\OneDrive\Documentos\GitHub\viajantes_conectados\.venv\Lib\site-packages\django\template\defaulttags.py", line 478, in render
    url = reverse(view_name, args=args, kwargs=kwargs, current_app=current_app)
          ^^^^^^^^^^^^^^^^^^^^^^^^^^^^^^^^^^^^^^^^^^^^^^^^^^^^^^^^^^^^^^^^^^^^^
  File "C:\Users\rapha\OneDrive\Documentos\GitHub\viajantes_conectados\.venv\Lib\site-packages\django\urls\base.py", line 88, in reverse
    return resolver._reverse_with_prefix(view, prefix, *args, **kwargs)
           ^^^^^^^^^^^^^^^^^^^^^^^^^^^^^^^^^^^^^^^^^^^^^^^^^^^^^^^^^^^^
  File "C:\Users\rapha\OneDrive\Documentos\GitHub\viajantes_conectados\.venv\Lib\site-packages\django\urls\resolvers.py", line 848, in _reverse_with_prefix
    raise NoReverseMatch(msg)
django.urls.exceptions.NoReverseMatch: Reverse for 'editar_plano' with arguments '(2,)' not found. 1 pattern(s) tried: ['destinos/(?P<uuid>[0-9a-f]{8}-[0-9a-f]{4}-[0-9a-f]{4}-[0-9a-f]{4}-[0-9a-f]{12})/editar/\\Z']
ERROR 2026-03-14 13:22:51,199 runserver [35;1mHTTP GET /destinos/52ad1b40-fe72-49f2-81e3-0c46a261f80f/ 500 [0.07, 127.0.0.1:59616][0m
ERROR 2026-03-14 13:28:12,190 log Internal Server Error: /destinos/52ad1b40-fe72-49f2-81e3-0c46a261f80f/
Traceback (most recent call last):
  File "C:\Users\rapha\OneDrive\Documentos\GitHub\viajantes_conectados\.venv\Lib\site-packages\asgiref\sync.py", line 555, in thread_handler
    raise exc_info[1]
  File "C:\Users\rapha\OneDrive\Documentos\GitHub\viajantes_conectados\.venv\Lib\site-packages\django\core\handlers\exception.py", line 42, in inner
    response = await get_response(request)
               ^^^^^^^^^^^^^^^^^^^^^^^^^^^
  File "C:\Users\rapha\OneDrive\Documentos\GitHub\viajantes_conectados\.venv\Lib\site-packages\asgiref\sync.py", line 555, in thread_handler
    raise exc_info[1]
  File "C:\Users\rapha\OneDrive\Documentos\GitHub\viajantes_conectados\.venv\Lib\site-packages\django\core\handlers\base.py", line 253, in _get_response_async
    response = await wrapped_callback(
               ^^^^^^^^^^^^^^^^^^^^^^^
  File "C:\Users\rapha\OneDrive\Documentos\GitHub\viajantes_conectados\.venv\Lib\site-packages\asgiref\sync.py", line 504, in __call__
    ret = await asyncio.shield(exec_coro)
          ^^^^^^^^^^^^^^^^^^^^^^^^^^^^^^^
  File "C:\Users\rapha\OneDrive\Documentos\GitHub\viajantes_conectados\.venv\Lib\site-packages\asgiref\current_thread_executor.py", line 40, in run
    result = self.fn(*self.args, **self.kwargs)
             ^^^^^^^^^^^^^^^^^^^^^^^^^^^^^^^^^^
  File "C:\Users\rapha\OneDrive\Documentos\GitHub\viajantes_conectados\.venv\Lib\site-packages\asgiref\sync.py", line 559, in thread_handler
    return func(*args, **kwargs)
           ^^^^^^^^^^^^^^^^^^^^^
  File "C:\Users\rapha\OneDrive\Documentos\GitHub\viajantes_conectados\.venv\Lib\site-packages\django\contrib\auth\decorators.py", line 23, in _wrapper_view
    return view_func(request, *args, **kwargs)
           ^^^^^^^^^^^^^^^^^^^^^^^^^^^^^^^^^^^
  File "C:\Users\rapha\OneDrive\Documentos\GitHub\viajantes_conectados\.venv\Lib\site-packages\django\views\decorators\http.py", line 63, in inner
    return func(request, *args, **kwargs)
           ^^^^^^^^^^^^^^^^^^^^^^^^^^^^^^
  File "C:\Users\rapha\OneDrive\Documentos\GitHub\viajantes_conectados\apps\destinos\views.py", line 448, in view_detalhes_plano
    return render(request, 'destinos/detalhes_plano.html', contexto)
           ^^^^^^^^^^^^^^^^^^^^^^^^^^^^^^^^^^^^^^^^^^^^^^^^^^^^^^^^^
  File "C:\Users\rapha\OneDrive\Documentos\GitHub\viajantes_conectados\.venv\Lib\site-packages\django\shortcuts.py", line 24, in render
    content = loader.render_to_string(template_name, context, request, using=using)
              ^^^^^^^^^^^^^^^^^^^^^^^^^^^^^^^^^^^^^^^^^^^^^^^^^^^^^^^^^^^^^^^^^^^^^
  File "C:\Users\rapha\OneDrive\Documentos\GitHub\viajantes_conectados\.venv\Lib\site-packages\django\template\loader.py", line 62, in render_to_string
    return template.render(context, request)
           ^^^^^^^^^^^^^^^^^^^^^^^^^^^^^^^^^
  File "C:\Users\rapha\OneDrive\Documentos\GitHub\viajantes_conectados\.venv\Lib\site-packages\django\template\backends\django.py", line 61, in render
    return self.template.render(context)
           ^^^^^^^^^^^^^^^^^^^^^^^^^^^^^
  File "C:\Users\rapha\OneDrive\Documentos\GitHub\viajantes_conectados\.venv\Lib\site-packages\django\template\base.py", line 171, in render
    return self._render(context)
           ^^^^^^^^^^^^^^^^^^^^^
  File "C:\Users\rapha\OneDrive\Documentos\GitHub\viajantes_conectados\.venv\Lib\site-packages\django\template\base.py", line 163, in _render
    return self.nodelist.render(context)
           ^^^^^^^^^^^^^^^^^^^^^^^^^^^^^
  File "C:\Users\rapha\OneDrive\Documentos\GitHub\viajantes_conectados\.venv\Lib\site-packages\django\template\base.py", line 1000, in render
    return SafeString("".join([node.render_annotated(context) for node in self]))
                               ^^^^^^^^^^^^^^^^^^^^^^^^^^^^^^
  File "C:\Users\rapha\OneDrive\Documentos\GitHub\viajantes_conectados\.venv\Lib\site-packages\django\template\base.py", line 961, in render_annotated
    return self.render(context)
           ^^^^^^^^^^^^^^^^^^^^
  File "C:\Users\rapha\OneDrive\Documentos\GitHub\viajantes_conectados\.venv\Lib\site-packages\django\template\loader_tags.py", line 159, in render
    return compiled_parent._render(context)
           ^^^^^^^^^^^^^^^^^^^^^^^^^^^^^^^^
  File "C:\Users\rapha\OneDrive\Documentos\GitHub\viajantes_conectados\.venv\Lib\site-packages\django\template\base.py", line 163, in _render
    return self.nodelist.render(context)
           ^^^^^^^^^^^^^^^^^^^^^^^^^^^^^
  File "C:\Users\rapha\OneDrive\Documentos\GitHub\viajantes_conectados\.venv\Lib\site-packages\django\template\base.py", line 1000, in render
    return SafeString("".join([node.render_annotated(context) for node in self]))
                               ^^^^^^^^^^^^^^^^^^^^^^^^^^^^^^
  File "C:\Users\rapha\OneDrive\Documentos\GitHub\viajantes_conectados\.venv\Lib\site-packages\django\template\base.py", line 961, in render_annotated
    return self.render(context)
           ^^^^^^^^^^^^^^^^^^^^
  File "C:\Users\rapha\OneDrive\Documentos\GitHub\viajantes_conectados\.venv\Lib\site-packages\django\template\loader_tags.py", line 65, in render
    result = block.nodelist.render(context)
             ^^^^^^^^^^^^^^^^^^^^^^^^^^^^^^
  File "C:\Users\rapha\OneDrive\Documentos\GitHub\viajantes_conectados\.venv\Lib\site-packages\django\template\base.py", line 1000, in render
    return SafeString("".join([node.render_annotated(context) for node in self]))
                               ^^^^^^^^^^^^^^^^^^^^^^^^^^^^^^
  File "C:\Users\rapha\OneDrive\Documentos\GitHub\viajantes_conectados\.venv\Lib\site-packages\django\template\base.py", line 961, in render_annotated
    return self.render(context)
           ^^^^^^^^^^^^^^^^^^^^
  File "C:\Users\rapha\OneDrive\Documentos\GitHub\viajantes_conectados\.venv\Lib\site-packages\django\template\defaulttags.py", line 325, in render
    return nodelist.render(context)
           ^^^^^^^^^^^^^^^^^^^^^^^^
  File "C:\Users\rapha\OneDrive\Documentos\GitHub\viajantes_conectados\.venv\Lib\site-packages\django\template\base.py", line 1000, in render
    return SafeString("".join([node.render_annotated(context) for node in self]))
                               ^^^^^^^^^^^^^^^^^^^^^^^^^^^^^^
  File "C:\Users\rapha\OneDrive\Documentos\GitHub\viajantes_conectados\.venv\Lib\site-packages\django\template\base.py", line 961, in render_annotated
    return self.render(context)
           ^^^^^^^^^^^^^^^^^^^^
  File "C:\Users\rapha\OneDrive\Documentos\GitHub\viajantes_conectados\.venv\Lib\site-packages\django\template\defaulttags.py", line 478, in render
    url = reverse(view_name, args=args, kwargs=kwargs, current_app=current_app)
          ^^^^^^^^^^^^^^^^^^^^^^^^^^^^^^^^^^^^^^^^^^^^^^^^^^^^^^^^^^^^^^^^^^^^^
  File "C:\Users\rapha\OneDrive\Documentos\GitHub\viajantes_conectados\.venv\Lib\site-packages\django\urls\base.py", line 88, in reverse
    return resolver._reverse_with_prefix(view, prefix, *args, **kwargs)
           ^^^^^^^^^^^^^^^^^^^^^^^^^^^^^^^^^^^^^^^^^^^^^^^^^^^^^^^^^^^^
  File "C:\Users\rapha\OneDrive\Documentos\GitHub\viajantes_conectados\.venv\Lib\site-packages\django\urls\resolvers.py", line 848, in _reverse_with_prefix
    raise NoReverseMatch(msg)
django.urls.exceptions.NoReverseMatch: Reverse for 'deletar_plano' with arguments '(2,)' not found. 1 pattern(s) tried: ['destinos/(?P<uuid>[0-9a-f]{8}-[0-9a-f]{4}-[0-9a-f]{4}-[0-9a-f]{4}-[0-9a-f]{12})/deletar/\\Z']
ERROR 2026-03-14 13:28:12,198 runserver [35;1mHTTP GET /destinos/52ad1b40-fe72-49f2-81e3-0c46a261f80f/ 500 [0.07, 127.0.0.1:60120][0m
ERROR 2026-03-14 13:28:12,783 log Internal Server Error: /destinos/52ad1b40-fe72-49f2-81e3-0c46a261f80f/
Traceback (most recent call last):
  File "C:\Users\rapha\OneDrive\Documentos\GitHub\viajantes_conectados\.venv\Lib\site-packages\asgiref\sync.py", line 555, in thread_handler
    raise exc_info[1]
  File "C:\Users\rapha\OneDrive\Documentos\GitHub\viajantes_conectados\.venv\Lib\site-packages\django\core\handlers\exception.py", line 42, in inner
    response = await get_response(request)
               ^^^^^^^^^^^^^^^^^^^^^^^^^^^
  File "C:\Users\rapha\OneDrive\Documentos\GitHub\viajantes_conectados\.venv\Lib\site-packages\asgiref\sync.py", line 555, in thread_handler
    raise exc_info[1]
  File "C:\Users\rapha\OneDrive\Documentos\GitHub\viajantes_conectados\.venv\Lib\site-packages\django\core\handlers\base.py", line 253, in _get_response_async
    response = await wrapped_callback(
               ^^^^^^^^^^^^^^^^^^^^^^^
  File "C:\Users\rapha\OneDrive\Documentos\GitHub\viajantes_conectados\.venv\Lib\site-packages\asgiref\sync.py", line 504, in __call__
    ret = await asyncio.shield(exec_coro)
          ^^^^^^^^^^^^^^^^^^^^^^^^^^^^^^^
  File "C:\Users\rapha\OneDrive\Documentos\GitHub\viajantes_conectados\.venv\Lib\site-packages\asgiref\current_thread_executor.py", line 40, in run
    result = self.fn(*self.args, **self.kwargs)
             ^^^^^^^^^^^^^^^^^^^^^^^^^^^^^^^^^^
  File "C:\Users\rapha\OneDrive\Documentos\GitHub\viajantes_conectados\.venv\Lib\site-packages\asgiref\sync.py", line 559, in thread_handler
    return func(*args, **kwargs)
           ^^^^^^^^^^^^^^^^^^^^^
  File "C:\Users\rapha\OneDrive\Documentos\GitHub\viajantes_conectados\.venv\Lib\site-packages\django\contrib\auth\decorators.py", line 23, in _wrapper_view
    return view_func(request, *args, **kwargs)
           ^^^^^^^^^^^^^^^^^^^^^^^^^^^^^^^^^^^
  File "C:\Users\rapha\OneDrive\Documentos\GitHub\viajantes_conectados\.venv\Lib\site-packages\django\views\decorators\http.py", line 63, in inner
    return func(request, *args, **kwargs)
           ^^^^^^^^^^^^^^^^^^^^^^^^^^^^^^
  File "C:\Users\rapha\OneDrive\Documentos\GitHub\viajantes_conectados\apps\destinos\views.py", line 448, in view_detalhes_plano
    return render(request, 'destinos/detalhes_plano.html', contexto)
           ^^^^^^^^^^^^^^^^^^^^^^^^^^^^^^^^^^^^^^^^^^^^^^^^^^^^^^^^^
  File "C:\Users\rapha\OneDrive\Documentos\GitHub\viajantes_conectados\.venv\Lib\site-packages\django\shortcuts.py", line 24, in render
    content = loader.render_to_string(template_name, context, request, using=using)
              ^^^^^^^^^^^^^^^^^^^^^^^^^^^^^^^^^^^^^^^^^^^^^^^^^^^^^^^^^^^^^^^^^^^^^
  File "C:\Users\rapha\OneDrive\Documentos\GitHub\viajantes_conectados\.venv\Lib\site-packages\django\template\loader.py", line 62, in render_to_string
    return template.render(context, request)
           ^^^^^^^^^^^^^^^^^^^^^^^^^^^^^^^^^
  File "C:\Users\rapha\OneDrive\Documentos\GitHub\viajantes_conectados\.venv\Lib\site-packages\django\template\backends\django.py", line 61, in render
    return self.template.render(context)
           ^^^^^^^^^^^^^^^^^^^^^^^^^^^^^
  File "C:\Users\rapha\OneDrive\Documentos\GitHub\viajantes_conectados\.venv\Lib\site-packages\django\template\base.py", line 171, in render
    return self._render(context)
           ^^^^^^^^^^^^^^^^^^^^^
  File "C:\Users\rapha\OneDrive\Documentos\GitHub\viajantes_conectados\.venv\Lib\site-packages\django\template\base.py", line 163, in _render
    return self.nodelist.render(context)
           ^^^^^^^^^^^^^^^^^^^^^^^^^^^^^
  File "C:\Users\rapha\OneDrive\Documentos\GitHub\viajantes_conectados\.venv\Lib\site-packages\django\template\base.py", line 1000, in render
    return SafeString("".join([node.render_annotated(context) for node in self]))
                               ^^^^^^^^^^^^^^^^^^^^^^^^^^^^^^
  File "C:\Users\rapha\OneDrive\Documentos\GitHub\viajantes_conectados\.venv\Lib\site-packages\django\template\base.py", line 961, in render_annotated
    return self.render(context)
           ^^^^^^^^^^^^^^^^^^^^
  File "C:\Users\rapha\OneDrive\Documentos\GitHub\viajantes_conectados\.venv\Lib\site-packages\django\template\loader_tags.py", line 159, in render
    return compiled_parent._render(context)
           ^^^^^^^^^^^^^^^^^^^^^^^^^^^^^^^^
  File "C:\Users\rapha\OneDrive\Documentos\GitHub\viajantes_conectados\.venv\Lib\site-packages\django\template\base.py", line 163, in _render
    return self.nodelist.render(context)
           ^^^^^^^^^^^^^^^^^^^^^^^^^^^^^
  File "C:\Users\rapha\OneDrive\Documentos\GitHub\viajantes_conectados\.venv\Lib\site-packages\django\template\base.py", line 1000, in render
    return SafeString("".join([node.render_annotated(context) for node in self]))
                               ^^^^^^^^^^^^^^^^^^^^^^^^^^^^^^
  File "C:\Users\rapha\OneDrive\Documentos\GitHub\viajantes_conectados\.venv\Lib\site-packages\django\template\base.py", line 961, in render_annotated
    return self.render(context)
           ^^^^^^^^^^^^^^^^^^^^
  File "C:\Users\rapha\OneDrive\Documentos\GitHub\viajantes_conectados\.venv\Lib\site-packages\django\template\loader_tags.py", line 65, in render
    result = block.nodelist.render(context)
             ^^^^^^^^^^^^^^^^^^^^^^^^^^^^^^
  File "C:\Users\rapha\OneDrive\Documentos\GitHub\viajantes_conectados\.venv\Lib\site-packages\django\template\base.py", line 1000, in render
    return SafeString("".join([node.render_annotated(context) for node in self]))
                               ^^^^^^^^^^^^^^^^^^^^^^^^^^^^^^
  File "C:\Users\rapha\OneDrive\Documentos\GitHub\viajantes_conectados\.venv\Lib\site-packages\django\template\base.py", line 961, in render_annotated
    return self.render(context)
           ^^^^^^^^^^^^^^^^^^^^
  File "C:\Users\rapha\OneDrive\Documentos\GitHub\viajantes_conectados\.venv\Lib\site-packages\django\template\defaulttags.py", line 325, in render
    return nodelist.render(context)
           ^^^^^^^^^^^^^^^^^^^^^^^^
  File "C:\Users\rapha\OneDrive\Documentos\GitHub\viajantes_conectados\.venv\Lib\site-packages\django\template\base.py", line 1000, in render
    return SafeString("".join([node.render_annotated(context) for node in self]))
                               ^^^^^^^^^^^^^^^^^^^^^^^^^^^^^^
  File "C:\Users\rapha\OneDrive\Documentos\GitHub\viajantes_conectados\.venv\Lib\site-packages\django\template\base.py", line 961, in render_annotated
    return self.render(context)
           ^^^^^^^^^^^^^^^^^^^^
  File "C:\Users\rapha\OneDrive\Documentos\GitHub\viajantes_conectados\.venv\Lib\site-packages\django\template\defaulttags.py", line 478, in render
    url = reverse(view_name, args=args, kwargs=kwargs, current_app=current_app)
          ^^^^^^^^^^^^^^^^^^^^^^^^^^^^^^^^^^^^^^^^^^^^^^^^^^^^^^^^^^^^^^^^^^^^^
  File "C:\Users\rapha\OneDrive\Documentos\GitHub\viajantes_conectados\.venv\Lib\site-packages\django\urls\base.py", line 88, in reverse
    return resolver._reverse_with_prefix(view, prefix, *args, **kwargs)
           ^^^^^^^^^^^^^^^^^^^^^^^^^^^^^^^^^^^^^^^^^^^^^^^^^^^^^^^^^^^^
  File "C:\Users\rapha\OneDrive\Documentos\GitHub\viajantes_conectados\.venv\Lib\site-packages\django\urls\resolvers.py", line 848, in _reverse_with_prefix
    raise NoReverseMatch(msg)
django.urls.exceptions.NoReverseMatch: Reverse for 'deletar_plano' with arguments '(2,)' not found. 1 pattern(s) tried: ['destinos/(?P<uuid>[0-9a-f]{8}-[0-9a-f]{4}-[0-9a-f]{4}-[0-9a-f]{4}-[0-9a-f]{12})/deletar/\\Z']
ERROR 2026-03-14 13:28:12,791 runserver [35;1mHTTP GET /destinos/52ad1b40-fe72-49f2-81e3-0c46a261f80f/ 500 [0.04, 127.0.0.1:60120][0m
ERROR 2026-03-14 13:31:21,893 log Internal Server Error: /usuarios/perfil/
Traceback (most recent call last):
  File "C:\Users\rapha\OneDrive\Documentos\GitHub\viajantes_conectados\.venv\Lib\site-packages\django\template\base.py", line 502, in parse
    compile_func = self.tags[command]
                   ~~~~~~~~~^^^^^^^^^
KeyError: 'else'

During handling of the above exception, another exception occurred:

Traceback (most recent call last):
  File "C:\Users\rapha\OneDrive\Documentos\GitHub\viajantes_conectados\.venv\Lib\site-packages\asgiref\sync.py", line 555, in thread_handler
    raise exc_info[1]
  File "C:\Users\rapha\OneDrive\Documentos\GitHub\viajantes_conectados\.venv\Lib\site-packages\django\core\handlers\exception.py", line 42, in inner
    response = await get_response(request)
               ^^^^^^^^^^^^^^^^^^^^^^^^^^^
  File "C:\Users\rapha\OneDrive\Documentos\GitHub\viajantes_conectados\.venv\Lib\site-packages\asgiref\sync.py", line 555, in thread_handler
    raise exc_info[1]
  File "C:\Users\rapha\OneDrive\Documentos\GitHub\viajantes_conectados\.venv\Lib\site-packages\django\core\handlers\base.py", line 253, in _get_response_async
    response = await wrapped_callback(
               ^^^^^^^^^^^^^^^^^^^^^^^
  File "C:\Users\rapha\OneDrive\Documentos\GitHub\viajantes_conectados\.venv\Lib\site-packages\asgiref\sync.py", line 504, in __call__
    ret = await asyncio.shield(exec_coro)
          ^^^^^^^^^^^^^^^^^^^^^^^^^^^^^^^
  File "C:\Users\rapha\OneDrive\Documentos\GitHub\viajantes_conectados\.venv\Lib\site-packages\asgiref\current_thread_executor.py", line 40, in run
    result = self.fn(*self.args, **self.kwargs)
             ^^^^^^^^^^^^^^^^^^^^^^^^^^^^^^^^^^
  File "C:\Users\rapha\OneDrive\Documentos\GitHub\viajantes_conectados\.venv\Lib\site-packages\asgiref\sync.py", line 559, in thread_handler
    return func(*args, **kwargs)
           ^^^^^^^^^^^^^^^^^^^^^
  File "C:\Users\rapha\OneDrive\Documentos\GitHub\viajantes_conectados\.venv\Lib\site-packages\django\contrib\auth\decorators.py", line 23, in _wrapper_view
    return view_func(request, *args, **kwargs)
           ^^^^^^^^^^^^^^^^^^^^^^^^^^^^^^^^^^^
  File "C:\Users\rapha\OneDrive\Documentos\GitHub\viajantes_conectados\.venv\Lib\site-packages\django\views\decorators\http.py", line 63, in inner
    return func(request, *args, **kwargs)
           ^^^^^^^^^^^^^^^^^^^^^^^^^^^^^^
  File "C:\Users\rapha\OneDrive\Documentos\GitHub\viajantes_conectados\apps\usuarios\views.py", line 253, in view_perfil_usuario
    return render(request, 'usuarios/perfil.html', contexto)
           ^^^^^^^^^^^^^^^^^^^^^^^^^^^^^^^^^^^^^^^^^^^^^^^^^
  File "C:\Users\rapha\OneDrive\Documentos\GitHub\viajantes_conectados\.venv\Lib\site-packages\django\shortcuts.py", line 24, in render
    content = loader.render_to_string(template_name, context, request, using=using)
              ^^^^^^^^^^^^^^^^^^^^^^^^^^^^^^^^^^^^^^^^^^^^^^^^^^^^^^^^^^^^^^^^^^^^^
  File "C:\Users\rapha\OneDrive\Documentos\GitHub\viajantes_conectados\.venv\Lib\site-packages\django\template\loader.py", line 61, in render_to_string
    template = get_template(template_name, using=using)
               ^^^^^^^^^^^^^^^^^^^^^^^^^^^^^^^^^^^^^^^^
  File "C:\Users\rapha\OneDrive\Documentos\GitHub\viajantes_conectados\.venv\Lib\site-packages\django\template\loader.py", line 15, in get_template
    return engine.get_template(template_name)
           ^^^^^^^^^^^^^^^^^^^^^^^^^^^^^^^^^^
  File "C:\Users\rapha\OneDrive\Documentos\GitHub\viajantes_conectados\.venv\Lib\site-packages\django\template\backends\django.py", line 33, in get_template
    return Template(self.engine.get_template(template_name), self)
                    ^^^^^^^^^^^^^^^^^^^^^^^^^^^^^^^^^^^^^^^
  File "C:\Users\rapha\OneDrive\Documentos\GitHub\viajantes_conectados\.venv\Lib\site-packages\django\template\engine.py", line 175, in get_template
    template, origin = self.find_template(template_name)
                       ^^^^^^^^^^^^^^^^^^^^^^^^^^^^^^^^^
  File "C:\Users\rapha\OneDrive\Documentos\GitHub\viajantes_conectados\.venv\Lib\site-packages\django\template\engine.py", line 157, in find_template
    template = loader.get_template(name, skip=skip)
               ^^^^^^^^^^^^^^^^^^^^^^^^^^^^^^^^^^^^
  File "C:\Users\rapha\OneDrive\Documentos\GitHub\viajantes_conectados\.venv\Lib\site-packages\django\template\loaders\cached.py", line 57, in get_template
    template = super().get_template(template_name, skip)
               ^^^^^^^^^^^^^^^^^^^^^^^^^^^^^^^^^^^^^^^^^
  File "C:\Users\rapha\OneDrive\Documentos\GitHub\viajantes_conectados\.venv\Lib\site-packages\django\template\loaders\base.py", line 28, in get_template
    return Template(
           ^^^^^^^^^
  File "C:\Users\rapha\OneDrive\Documentos\GitHub\viajantes_conectados\.venv\Lib\site-packages\django\template\base.py", line 154, in __init__
    self.nodelist = self.compile_nodelist()
                    ^^^^^^^^^^^^^^^^^^^^^^^
  File "C:\Users\rapha\OneDrive\Documentos\GitHub\viajantes_conectados\.venv\Lib\site-packages\django\template\base.py", line 196, in compile_nodelist
    return parser.parse()
           ^^^^^^^^^^^^^^
  File "C:\Users\rapha\OneDrive\Documentos\GitHub\viajantes_conectados\.venv\Lib\site-packages\django\template\base.py", line 510, in parse
    raise self.error(token, e)
  File "C:\Users\rapha\OneDrive\Documentos\GitHub\viajantes_conectados\.venv\Lib\site-packages\django\template\base.py", line 508, in parse
    compiled_result = compile_func(self, token)
                      ^^^^^^^^^^^^^^^^^^^^^^^^^
  File "C:\Users\rapha\OneDrive\Documentos\GitHub\viajantes_conectados\.venv\Lib\site-packages\django\template\loader_tags.py", line 295, in do_extends
    nodelist = parser.parse()
               ^^^^^^^^^^^^^^
  File "C:\Users\rapha\OneDrive\Documentos\GitHub\viajantes_conectados\.venv\Lib\site-packages\django\template\base.py", line 510, in parse
    raise self.error(token, e)
  File "C:\Users\rapha\OneDrive\Documentos\GitHub\viajantes_conectados\.venv\Lib\site-packages\django\template\base.py", line 508, in parse
    compiled_result = compile_func(self, token)
                      ^^^^^^^^^^^^^^^^^^^^^^^^^
  File "C:\Users\rapha\OneDrive\Documentos\GitHub\viajantes_conectados\.venv\Lib\site-packages\django\template\loader_tags.py", line 234, in do_block
    nodelist = parser.parse(("endblock",))
               ^^^^^^^^^^^^^^^^^^^^^^^^^^^
  File "C:\Users\rapha\OneDrive\Documentos\GitHub\viajantes_conectados\.venv\Lib\site-packages\django\template\base.py", line 504, in parse
    self.invalid_block_tag(token, command, parse_until)
  File "C:\Users\rapha\OneDrive\Documentos\GitHub\viajantes_conectados\.venv\Lib\site-packages\django\template\base.py", line 555, in invalid_block_tag
    raise self.error(
django.template.exceptions.TemplateSyntaxError: Invalid block tag on line 139: 'else', expected 'endblock'. Did you forget to register or load this tag?
ERROR 2026-03-14 13:31:21,901 runserver [35;1mHTTP GET /usuarios/perfil/ 500 [0.07, 127.0.0.1:60225][0m
ERROR 2026-03-14 13:31:55,640 log Internal Server Error: /usuarios/perfil/
Traceback (most recent call last):
  File "C:\Users\rapha\OneDrive\Documentos\GitHub\viajantes_conectados\.venv\Lib\site-packages\asgiref\sync.py", line 555, in thread_handler
    raise exc_info[1]
  File "C:\Users\rapha\OneDrive\Documentos\GitHub\viajantes_conectados\.venv\Lib\site-packages\django\core\handlers\exception.py", line 42, in inner
    response = await get_response(request)
               ^^^^^^^^^^^^^^^^^^^^^^^^^^^
  File "C:\Users\rapha\OneDrive\Documentos\GitHub\viajantes_conectados\.venv\Lib\site-packages\asgiref\sync.py", line 555, in thread_handler
    raise exc_info[1]
  File "C:\Users\rapha\OneDrive\Documentos\GitHub\viajantes_conectados\.venv\Lib\site-packages\django\core\handlers\base.py", line 253, in _get_response_async
    response = await wrapped_callback(
               ^^^^^^^^^^^^^^^^^^^^^^^
  File "C:\Users\rapha\OneDrive\Documentos\GitHub\viajantes_conectados\.venv\Lib\site-packages\asgiref\sync.py", line 504, in __call__
    ret = await asyncio.shield(exec_coro)
          ^^^^^^^^^^^^^^^^^^^^^^^^^^^^^^^
  File "C:\Users\rapha\OneDrive\Documentos\GitHub\viajantes_conectados\.venv\Lib\site-packages\asgiref\current_thread_executor.py", line 40, in run
    result = self.fn(*self.args, **self.kwargs)
             ^^^^^^^^^^^^^^^^^^^^^^^^^^^^^^^^^^
  File "C:\Users\rapha\OneDrive\Documentos\GitHub\viajantes_conectados\.venv\Lib\site-packages\asgiref\sync.py", line 559, in thread_handler
    return func(*args, **kwargs)
           ^^^^^^^^^^^^^^^^^^^^^
  File "C:\Users\rapha\OneDrive\Documentos\GitHub\viajantes_conectados\.venv\Lib\site-packages\django\contrib\auth\decorators.py", line 23, in _wrapper_view
    return view_func(request, *args, **kwargs)
           ^^^^^^^^^^^^^^^^^^^^^^^^^^^^^^^^^^^
  File "C:\Users\rapha\OneDrive\Documentos\GitHub\viajantes_conectados\.venv\Lib\site-packages\django\views\decorators\http.py", line 63, in inner
    return func(request, *args, **kwargs)
           ^^^^^^^^^^^^^^^^^^^^^^^^^^^^^^
  File "C:\Users\rapha\OneDrive\Documentos\GitHub\viajantes_conectados\apps\usuarios\views.py", line 253, in view_perfil_usuario
    return render(request, 'usuarios/perfil.html', contexto)
           ^^^^^^^^^^^^^^^^^^^^^^^^^^^^^^^^^^^^^^^^^^^^^^^^^
  File "C:\Users\rapha\OneDrive\Documentos\GitHub\viajantes_conectados\.venv\Lib\site-packages\django\shortcuts.py", line 24, in render
    content = loader.render_to_string(template_name, context, request, using=using)
              ^^^^^^^^^^^^^^^^^^^^^^^^^^^^^^^^^^^^^^^^^^^^^^^^^^^^^^^^^^^^^^^^^^^^^
  File "C:\Users\rapha\OneDrive\Documentos\GitHub\viajantes_conectados\.venv\Lib\site-packages\django\template\loader.py", line 62, in render_to_string
    return template.render(context, request)
           ^^^^^^^^^^^^^^^^^^^^^^^^^^^^^^^^^
  File "C:\Users\rapha\OneDrive\Documentos\GitHub\viajantes_conectados\.venv\Lib\site-packages\django\template\backends\django.py", line 61, in render
    return self.template.render(context)
           ^^^^^^^^^^^^^^^^^^^^^^^^^^^^^
  File "C:\Users\rapha\OneDrive\Documentos\GitHub\viajantes_conectados\.venv\Lib\site-packages\django\template\base.py", line 171, in render
    return self._render(context)
           ^^^^^^^^^^^^^^^^^^^^^
  File "C:\Users\rapha\OneDrive\Documentos\GitHub\viajantes_conectados\.venv\Lib\site-packages\django\template\base.py", line 163, in _render
    return self.nodelist.render(context)
           ^^^^^^^^^^^^^^^^^^^^^^^^^^^^^
  File "C:\Users\rapha\OneDrive\Documentos\GitHub\viajantes_conectados\.venv\Lib\site-packages\django\template\base.py", line 1000, in render
    return SafeString("".join([node.render_annotated(context) for node in self]))
                               ^^^^^^^^^^^^^^^^^^^^^^^^^^^^^^
  File "C:\Users\rapha\OneDrive\Documentos\GitHub\viajantes_conectados\.venv\Lib\site-packages\django\template\base.py", line 961, in render_annotated
    return self.render(context)
           ^^^^^^^^^^^^^^^^^^^^
  File "C:\Users\rapha\OneDrive\Documentos\GitHub\viajantes_conectados\.venv\Lib\site-packages\django\template\loader_tags.py", line 159, in render
    return compiled_parent._render(context)
           ^^^^^^^^^^^^^^^^^^^^^^^^^^^^^^^^
  File "C:\Users\rapha\OneDrive\Documentos\GitHub\viajantes_conectados\.venv\Lib\site-packages\django\template\base.py", line 163, in _render
    return self.nodelist.render(context)
           ^^^^^^^^^^^^^^^^^^^^^^^^^^^^^
  File "C:\Users\rapha\OneDrive\Documentos\GitHub\viajantes_conectados\.venv\Lib\site-packages\django\template\base.py", line 1000, in render
    return SafeString("".join([node.render_annotated(context) for node in self]))
                               ^^^^^^^^^^^^^^^^^^^^^^^^^^^^^^
  File "C:\Users\rapha\OneDrive\Documentos\GitHub\viajantes_conectados\.venv\Lib\site-packages\django\template\base.py", line 961, in render_annotated
    return self.render(context)
           ^^^^^^^^^^^^^^^^^^^^
  File "C:\Users\rapha\OneDrive\Documentos\GitHub\viajantes_conectados\.venv\Lib\site-packages\django\template\loader_tags.py", line 65, in render
    result = block.nodelist.render(context)
             ^^^^^^^^^^^^^^^^^^^^^^^^^^^^^^
  File "C:\Users\rapha\OneDrive\Documentos\GitHub\viajantes_conectados\.venv\Lib\site-packages\django\template\base.py", line 1000, in render
    return SafeString("".join([node.render_annotated(context) for node in self]))
                               ^^^^^^^^^^^^^^^^^^^^^^^^^^^^^^
  File "C:\Users\rapha\OneDrive\Documentos\GitHub\viajantes_conectados\.venv\Lib\site-packages\django\template\base.py", line 961, in render_annotated
    return self.render(context)
           ^^^^^^^^^^^^^^^^^^^^
  File "C:\Users\rapha\OneDrive\Documentos\GitHub\viajantes_conectados\.venv\Lib\site-packages\django\template\defaulttags.py", line 325, in render
    return nodelist.render(context)
           ^^^^^^^^^^^^^^^^^^^^^^^^
  File "C:\Users\rapha\OneDrive\Documentos\GitHub\viajantes_conectados\.venv\Lib\site-packages\django\template\base.py", line 1000, in render
    return SafeString("".join([node.render_annotated(context) for node in self]))
                               ^^^^^^^^^^^^^^^^^^^^^^^^^^^^^^
  File "C:\Users\rapha\OneDrive\Documentos\GitHub\viajantes_conectados\.venv\Lib\site-packages\django\template\base.py", line 961, in render_annotated
    return self.render(context)
           ^^^^^^^^^^^^^^^^^^^^
  File "C:\Users\rapha\OneDrive\Documentos\GitHub\viajantes_conectados\.venv\Lib\site-packages\django\template\defaulttags.py", line 478, in render
    url = reverse(view_name, args=args, kwargs=kwargs, current_app=current_app)
          ^^^^^^^^^^^^^^^^^^^^^^^^^^^^^^^^^^^^^^^^^^^^^^^^^^^^^^^^^^^^^^^^^^^^^
  File "C:\Users\rapha\OneDrive\Documentos\GitHub\viajantes_conectados\.venv\Lib\site-packages\django\urls\base.py", line 88, in reverse
    return resolver._reverse_with_prefix(view, prefix, *args, **kwargs)
           ^^^^^^^^^^^^^^^^^^^^^^^^^^^^^^^^^^^^^^^^^^^^^^^^^^^^^^^^^^^^
  File "C:\Users\rapha\OneDrive\Documentos\GitHub\viajantes_conectados\.venv\Lib\site-packages\django\urls\resolvers.py", line 848, in _reverse_with_prefix
    raise NoReverseMatch(msg)
django.urls.exceptions.NoReverseMatch: Reverse for 'editar_plano' with arguments '('',)' not found. 1 pattern(s) tried: ['destinos/(?P<uuid>[0-9a-f]{8}-[0-9a-f]{4}-[0-9a-f]{4}-[0-9a-f]{4}-[0-9a-f]{12})/editar/\\Z']
ERROR 2026-03-14 13:31:55,648 runserver [35;1mHTTP GET /usuarios/perfil/ 500 [0.08, 127.0.0.1:60225][0m
ERROR 2026-03-14 13:33:17,023 log Internal Server Error: /usuarios/perfil/
Traceback (most recent call last):
  File "C:\Users\rapha\OneDrive\Documentos\GitHub\viajantes_conectados\.venv\Lib\site-packages\django\template\base.py", line 502, in parse
    compile_func = self.tags[command]
                   ~~~~~~~~~^^^^^^^^^
KeyError: 'endif'

During handling of the above exception, another exception occurred:

Traceback (most recent call last):
  File "C:\Users\rapha\OneDrive\Documentos\GitHub\viajantes_conectados\.venv\Lib\site-packages\asgiref\sync.py", line 555, in thread_handler
    raise exc_info[1]
  File "C:\Users\rapha\OneDrive\Documentos\GitHub\viajantes_conectados\.venv\Lib\site-packages\django\core\handlers\exception.py", line 42, in inner
    response = await get_response(request)
               ^^^^^^^^^^^^^^^^^^^^^^^^^^^
  File "C:\Users\rapha\OneDrive\Documentos\GitHub\viajantes_conectados\.venv\Lib\site-packages\asgiref\sync.py", line 555, in thread_handler
    raise exc_info[1]
  File "C:\Users\rapha\OneDrive\Documentos\GitHub\viajantes_conectados\.venv\Lib\site-packages\django\core\handlers\base.py", line 253, in _get_response_async
    response = await wrapped_callback(
               ^^^^^^^^^^^^^^^^^^^^^^^
  File "C:\Users\rapha\OneDrive\Documentos\GitHub\viajantes_conectados\.venv\Lib\site-packages\asgiref\sync.py", line 504, in __call__
    ret = await asyncio.shield(exec_coro)
          ^^^^^^^^^^^^^^^^^^^^^^^^^^^^^^^
  File "C:\Users\rapha\OneDrive\Documentos\GitHub\viajantes_conectados\.venv\Lib\site-packages\asgiref\current_thread_executor.py", line 40, in run
    result = self.fn(*self.args, **self.kwargs)
             ^^^^^^^^^^^^^^^^^^^^^^^^^^^^^^^^^^
  File "C:\Users\rapha\OneDrive\Documentos\GitHub\viajantes_conectados\.venv\Lib\site-packages\asgiref\sync.py", line 559, in thread_handler
    return func(*args, **kwargs)
           ^^^^^^^^^^^^^^^^^^^^^
  File "C:\Users\rapha\OneDrive\Documentos\GitHub\viajantes_conectados\.venv\Lib\site-packages\django\contrib\auth\decorators.py", line 23, in _wrapper_view
    return view_func(request, *args, **kwargs)
           ^^^^^^^^^^^^^^^^^^^^^^^^^^^^^^^^^^^
  File "C:\Users\rapha\OneDrive\Documentos\GitHub\viajantes_conectados\.venv\Lib\site-packages\django\views\decorators\http.py", line 63, in inner
    return func(request, *args, **kwargs)
           ^^^^^^^^^^^^^^^^^^^^^^^^^^^^^^
  File "C:\Users\rapha\OneDrive\Documentos\GitHub\viajantes_conectados\apps\usuarios\views.py", line 253, in view_perfil_usuario
    return render(request, 'usuarios/perfil.html', contexto)
           ^^^^^^^^^^^^^^^^^^^^^^^^^^^^^^^^^^^^^^^^^^^^^^^^^
  File "C:\Users\rapha\OneDrive\Documentos\GitHub\viajantes_conectados\.venv\Lib\site-packages\django\shortcuts.py", line 24, in render
    content = loader.render_to_string(template_name, context, request, using=using)
              ^^^^^^^^^^^^^^^^^^^^^^^^^^^^^^^^^^^^^^^^^^^^^^^^^^^^^^^^^^^^^^^^^^^^^
  File "C:\Users\rapha\OneDrive\Documentos\GitHub\viajantes_conectados\.venv\Lib\site-packages\django\template\loader.py", line 61, in render_to_string
    template = get_template(template_name, using=using)
               ^^^^^^^^^^^^^^^^^^^^^^^^^^^^^^^^^^^^^^^^
  File "C:\Users\rapha\OneDrive\Documentos\GitHub\viajantes_conectados\.venv\Lib\site-packages\django\template\loader.py", line 15, in get_template
    return engine.get_template(template_name)
           ^^^^^^^^^^^^^^^^^^^^^^^^^^^^^^^^^^
  File "C:\Users\rapha\OneDrive\Documentos\GitHub\viajantes_conectados\.venv\Lib\site-packages\django\template\backends\django.py", line 33, in get_template
    return Template(self.engine.get_template(template_name), self)
                    ^^^^^^^^^^^^^^^^^^^^^^^^^^^^^^^^^^^^^^^
  File "C:\Users\rapha\OneDrive\Documentos\GitHub\viajantes_conectados\.venv\Lib\site-packages\django\template\engine.py", line 175, in get_template
    template, origin = self.find_template(template_name)
                       ^^^^^^^^^^^^^^^^^^^^^^^^^^^^^^^^^
  File "C:\Users\rapha\OneDrive\Documentos\GitHub\viajantes_conectados\.venv\Lib\site-packages\django\template\engine.py", line 157, in find_template
    template = loader.get_template(name, skip=skip)
               ^^^^^^^^^^^^^^^^^^^^^^^^^^^^^^^^^^^^
  File "C:\Users\rapha\OneDrive\Documentos\GitHub\viajantes_conectados\.venv\Lib\site-packages\django\template\loaders\cached.py", line 57, in get_template
    template = super().get_template(template_name, skip)
               ^^^^^^^^^^^^^^^^^^^^^^^^^^^^^^^^^^^^^^^^^
  File "C:\Users\rapha\OneDrive\Documentos\GitHub\viajantes_conectados\.venv\Lib\site-packages\django\template\loaders\base.py", line 28, in get_template
    return Template(
           ^^^^^^^^^
  File "C:\Users\rapha\OneDrive\Documentos\GitHub\viajantes_conectados\.venv\Lib\site-packages\django\template\base.py", line 154, in __init__
    self.nodelist = self.compile_nodelist()
                    ^^^^^^^^^^^^^^^^^^^^^^^
  File "C:\Users\rapha\OneDrive\Documentos\GitHub\viajantes_conectados\.venv\Lib\site-packages\django\template\base.py", line 196, in compile_nodelist
    return parser.parse()
           ^^^^^^^^^^^^^^
  File "C:\Users\rapha\OneDrive\Documentos\GitHub\viajantes_conectados\.venv\Lib\site-packages\django\template\base.py", line 510, in parse
    raise self.error(token, e)
  File "C:\Users\rapha\OneDrive\Documentos\GitHub\viajantes_conectados\.venv\Lib\site-packages\django\template\base.py", line 508, in parse
    compiled_result = compile_func(self, token)
                      ^^^^^^^^^^^^^^^^^^^^^^^^^
  File "C:\Users\rapha\OneDrive\Documentos\GitHub\viajantes_conectados\.venv\Lib\site-packages\django\template\loader_tags.py", line 295, in do_extends
    nodelist = parser.parse()
               ^^^^^^^^^^^^^^
  File "C:\Users\rapha\OneDrive\Documentos\GitHub\viajantes_conectados\.venv\Lib\site-packages\django\template\base.py", line 510, in parse
    raise self.error(token, e)
  File "C:\Users\rapha\OneDrive\Documentos\GitHub\viajantes_conectados\.venv\Lib\site-packages\django\template\base.py", line 508, in parse
    compiled_result = compile_func(self, token)
                      ^^^^^^^^^^^^^^^^^^^^^^^^^
  File "C:\Users\rapha\OneDrive\Documentos\GitHub\viajantes_conectados\.venv\Lib\site-packages\django\template\loader_tags.py", line 234, in do_block
    nodelist = parser.parse(("endblock",))
               ^^^^^^^^^^^^^^^^^^^^^^^^^^^
  File "C:\Users\rapha\OneDrive\Documentos\GitHub\viajantes_conectados\.venv\Lib\site-packages\django\template\base.py", line 504, in parse
    self.invalid_block_tag(token, command, parse_until)
  File "C:\Users\rapha\OneDrive\Documentos\GitHub\viajantes_conectados\.venv\Lib\site-packages\django\template\base.py", line 555, in invalid_block_tag
    raise self.error(
django.template.exceptions.TemplateSyntaxError: Invalid block tag on line 164: 'endif', expected 'endblock'. Did you forget to register or load this tag?
ERROR 2026-03-14 13:33:17,031 runserver [35;1mHTTP GET /usuarios/perfil/ 500 [0.07, 127.0.0.1:60643][0m
ERROR 2026-03-14 13:33:55,224 log Internal Server Error: /usuarios/perfil/
Traceback (most recent call last):
  File "C:\Users\rapha\OneDrive\Documentos\GitHub\viajantes_conectados\.venv\Lib\site-packages\django\template\base.py", line 502, in parse
    compile_func = self.tags[command]
                   ~~~~~~~~~^^^^^^^^^
KeyError: 'endif'

During handling of the above exception, another exception occurred:

Traceback (most recent call last):
  File "C:\Users\rapha\OneDrive\Documentos\GitHub\viajantes_conectados\.venv\Lib\site-packages\asgiref\sync.py", line 555, in thread_handler
    raise exc_info[1]
  File "C:\Users\rapha\OneDrive\Documentos\GitHub\viajantes_conectados\.venv\Lib\site-packages\django\core\handlers\exception.py", line 42, in inner
    response = await get_response(request)
               ^^^^^^^^^^^^^^^^^^^^^^^^^^^
  File "C:\Users\rapha\OneDrive\Documentos\GitHub\viajantes_conectados\.venv\Lib\site-packages\asgiref\sync.py", line 555, in thread_handler
    raise exc_info[1]
  File "C:\Users\rapha\OneDrive\Documentos\GitHub\viajantes_conectados\.venv\Lib\site-packages\django\core\handlers\base.py", line 253, in _get_response_async
    response = await wrapped_callback(
               ^^^^^^^^^^^^^^^^^^^^^^^
  File "C:\Users\rapha\OneDrive\Documentos\GitHub\viajantes_conectados\.venv\Lib\site-packages\asgiref\sync.py", line 504, in __call__
    ret = await asyncio.shield(exec_coro)
          ^^^^^^^^^^^^^^^^^^^^^^^^^^^^^^^
  File "C:\Users\rapha\OneDrive\Documentos\GitHub\viajantes_conectados\.venv\Lib\site-packages\asgiref\current_thread_executor.py", line 40, in run
    result = self.fn(*self.args, **self.kwargs)
             ^^^^^^^^^^^^^^^^^^^^^^^^^^^^^^^^^^
  File "C:\Users\rapha\OneDrive\Documentos\GitHub\viajantes_conectados\.venv\Lib\site-packages\asgiref\sync.py", line 559, in thread_handler
    return func(*args, **kwargs)
           ^^^^^^^^^^^^^^^^^^^^^
  File "C:\Users\rapha\OneDrive\Documentos\GitHub\viajantes_conectados\.venv\Lib\site-packages\django\contrib\auth\decorators.py", line 23, in _wrapper_view
    return view_func(request, *args, **kwargs)
           ^^^^^^^^^^^^^^^^^^^^^^^^^^^^^^^^^^^
  File "C:\Users\rapha\OneDrive\Documentos\GitHub\viajantes_conectados\.venv\Lib\site-packages\django\views\decorators\http.py", line 63, in inner
    return func(request, *args, **kwargs)
           ^^^^^^^^^^^^^^^^^^^^^^^^^^^^^^
  File "C:\Users\rapha\OneDrive\Documentos\GitHub\viajantes_conectados\apps\usuarios\views.py", line 253, in view_perfil_usuario
    return render(request, 'usuarios/perfil.html', contexto)
           ^^^^^^^^^^^^^^^^^^^^^^^^^^^^^^^^^^^^^^^^^^^^^^^^^
  File "C:\Users\rapha\OneDrive\Documentos\GitHub\viajantes_conectados\.venv\Lib\site-packages\django\shortcuts.py", line 24, in render
    content = loader.render_to_string(template_name, context, request, using=using)
              ^^^^^^^^^^^^^^^^^^^^^^^^^^^^^^^^^^^^^^^^^^^^^^^^^^^^^^^^^^^^^^^^^^^^^
  File "C:\Users\rapha\OneDrive\Documentos\GitHub\viajantes_conectados\.venv\Lib\site-packages\django\template\loader.py", line 61, in render_to_string
    template = get_template(template_name, using=using)
               ^^^^^^^^^^^^^^^^^^^^^^^^^^^^^^^^^^^^^^^^
  File "C:\Users\rapha\OneDrive\Documentos\GitHub\viajantes_conectados\.venv\Lib\site-packages\django\template\loader.py", line 15, in get_template
    return engine.get_template(template_name)
           ^^^^^^^^^^^^^^^^^^^^^^^^^^^^^^^^^^
  File "C:\Users\rapha\OneDrive\Documentos\GitHub\viajantes_conectados\.venv\Lib\site-packages\django\template\backends\django.py", line 33, in get_template
    return Template(self.engine.get_template(template_name), self)
                    ^^^^^^^^^^^^^^^^^^^^^^^^^^^^^^^^^^^^^^^
  File "C:\Users\rapha\OneDrive\Documentos\GitHub\viajantes_conectados\.venv\Lib\site-packages\django\template\engine.py", line 175, in get_template
    template, origin = self.find_template(template_name)
                       ^^^^^^^^^^^^^^^^^^^^^^^^^^^^^^^^^
  File "C:\Users\rapha\OneDrive\Documentos\GitHub\viajantes_conectados\.venv\Lib\site-packages\django\template\engine.py", line 157, in find_template
    template = loader.get_template(name, skip=skip)
               ^^^^^^^^^^^^^^^^^^^^^^^^^^^^^^^^^^^^
  File "C:\Users\rapha\OneDrive\Documentos\GitHub\viajantes_conectados\.venv\Lib\site-packages\django\template\loaders\cached.py", line 57, in get_template
    template = super().get_template(template_name, skip)
               ^^^^^^^^^^^^^^^^^^^^^^^^^^^^^^^^^^^^^^^^^
  File "C:\Users\rapha\OneDrive\Documentos\GitHub\viajantes_conectados\.venv\Lib\site-packages\django\template\loaders\base.py", line 28, in get_template
    return Template(
           ^^^^^^^^^
  File "C:\Users\rapha\OneDrive\Documentos\GitHub\viajantes_conectados\.venv\Lib\site-packages\django\template\base.py", line 154, in __init__
    self.nodelist = self.compile_nodelist()
                    ^^^^^^^^^^^^^^^^^^^^^^^
  File "C:\Users\rapha\OneDrive\Documentos\GitHub\viajantes_conectados\.venv\Lib\site-packages\django\template\base.py", line 196, in compile_nodelist
    return parser.parse()
           ^^^^^^^^^^^^^^
  File "C:\Users\rapha\OneDrive\Documentos\GitHub\viajantes_conectados\.venv\Lib\site-packages\django\template\base.py", line 510, in parse
    raise self.error(token, e)
  File "C:\Users\rapha\OneDrive\Documentos\GitHub\viajantes_conectados\.venv\Lib\site-packages\django\template\base.py", line 508, in parse
    compiled_result = compile_func(self, token)
                      ^^^^^^^^^^^^^^^^^^^^^^^^^
  File "C:\Users\rapha\OneDrive\Documentos\GitHub\viajantes_conectados\.venv\Lib\site-packages\django\template\loader_tags.py", line 295, in do_extends
    nodelist = parser.parse()
               ^^^^^^^^^^^^^^
  File "C:\Users\rapha\OneDrive\Documentos\GitHub\viajantes_conectados\.venv\Lib\site-packages\django\template\base.py", line 510, in parse
    raise self.error(token, e)
  File "C:\Users\rapha\OneDrive\Documentos\GitHub\viajantes_conectados\.venv\Lib\site-packages\django\template\base.py", line 508, in parse
    compiled_result = compile_func(self, token)
                      ^^^^^^^^^^^^^^^^^^^^^^^^^
  File "C:\Users\rapha\OneDrive\Documentos\GitHub\viajantes_conectados\.venv\Lib\site-packages\django\template\loader_tags.py", line 234, in do_block
    nodelist = parser.parse(("endblock",))
               ^^^^^^^^^^^^^^^^^^^^^^^^^^^
  File "C:\Users\rapha\OneDrive\Documentos\GitHub\viajantes_conectados\.venv\Lib\site-packages\django\template\base.py", line 504, in parse
    self.invalid_block_tag(token, command, parse_until)
  File "C:\Users\rapha\OneDrive\Documentos\GitHub\viajantes_conectados\.venv\Lib\site-packages\django\template\base.py", line 555, in invalid_block_tag
    raise self.error(
django.template.exceptions.TemplateSyntaxError: Invalid block tag on line 165: 'endif', expected 'endblock'. Did you forget to register or load this tag?
ERROR 2026-03-14 13:33:55,232 runserver [35;1mHTTP GET /usuarios/perfil/ 500 [0.07, 127.0.0.1:60702][0m
ERROR 2026-03-14 13:33:57,043 log Internal Server Error: /usuarios/perfil/
Traceback (most recent call last):
  File "C:\Users\rapha\OneDrive\Documentos\GitHub\viajantes_conectados\.venv\Lib\site-packages\django\template\base.py", line 502, in parse
    compile_func = self.tags[command]
                   ~~~~~~~~~^^^^^^^^^
KeyError: 'endif'

During handling of the above exception, another exception occurred:

Traceback (most recent call last):
  File "C:\Users\rapha\OneDrive\Documentos\GitHub\viajantes_conectados\.venv\Lib\site-packages\asgiref\sync.py", line 555, in thread_handler
    raise exc_info[1]
  File "C:\Users\rapha\OneDrive\Documentos\GitHub\viajantes_conectados\.venv\Lib\site-packages\django\core\handlers\exception.py", line 42, in inner
    response = await get_response(request)
               ^^^^^^^^^^^^^^^^^^^^^^^^^^^
  File "C:\Users\rapha\OneDrive\Documentos\GitHub\viajantes_conectados\.venv\Lib\site-packages\asgiref\sync.py", line 555, in thread_handler
    raise exc_info[1]
  File "C:\Users\rapha\OneDrive\Documentos\GitHub\viajantes_conectados\.venv\Lib\site-packages\django\core\handlers\base.py", line 253, in _get_response_async
    response = await wrapped_callback(
               ^^^^^^^^^^^^^^^^^^^^^^^
  File "C:\Users\rapha\OneDrive\Documentos\GitHub\viajantes_conectados\.venv\Lib\site-packages\asgiref\sync.py", line 504, in __call__
    ret = await asyncio.shield(exec_coro)
          ^^^^^^^^^^^^^^^^^^^^^^^^^^^^^^^
  File "C:\Users\rapha\OneDrive\Documentos\GitHub\viajantes_conectados\.venv\Lib\site-packages\asgiref\current_thread_executor.py", line 40, in run
    result = self.fn(*self.args, **self.kwargs)
             ^^^^^^^^^^^^^^^^^^^^^^^^^^^^^^^^^^
  File "C:\Users\rapha\OneDrive\Documentos\GitHub\viajantes_conectados\.venv\Lib\site-packages\asgiref\sync.py", line 559, in thread_handler
    return func(*args, **kwargs)
           ^^^^^^^^^^^^^^^^^^^^^
  File "C:\Users\rapha\OneDrive\Documentos\GitHub\viajantes_conectados\.venv\Lib\site-packages\django\contrib\auth\decorators.py", line 23, in _wrapper_view
    return view_func(request, *args, **kwargs)
           ^^^^^^^^^^^^^^^^^^^^^^^^^^^^^^^^^^^
  File "C:\Users\rapha\OneDrive\Documentos\GitHub\viajantes_conectados\.venv\Lib\site-packages\django\views\decorators\http.py", line 63, in inner
    return func(request, *args, **kwargs)
           ^^^^^^^^^^^^^^^^^^^^^^^^^^^^^^
  File "C:\Users\rapha\OneDrive\Documentos\GitHub\viajantes_conectados\apps\usuarios\views.py", line 253, in view_perfil_usuario
    return render(request, 'usuarios/perfil.html', contexto)
           ^^^^^^^^^^^^^^^^^^^^^^^^^^^^^^^^^^^^^^^^^^^^^^^^^
  File "C:\Users\rapha\OneDrive\Documentos\GitHub\viajantes_conectados\.venv\Lib\site-packages\django\shortcuts.py", line 24, in render
    content = loader.render_to_string(template_name, context, request, using=using)
              ^^^^^^^^^^^^^^^^^^^^^^^^^^^^^^^^^^^^^^^^^^^^^^^^^^^^^^^^^^^^^^^^^^^^^
  File "C:\Users\rapha\OneDrive\Documentos\GitHub\viajantes_conectados\.venv\Lib\site-packages\django\template\loader.py", line 61, in render_to_string
    template = get_template(template_name, using=using)
               ^^^^^^^^^^^^^^^^^^^^^^^^^^^^^^^^^^^^^^^^
  File "C:\Users\rapha\OneDrive\Documentos\GitHub\viajantes_conectados\.venv\Lib\site-packages\django\template\loader.py", line 15, in get_template
    return engine.get_template(template_name)
           ^^^^^^^^^^^^^^^^^^^^^^^^^^^^^^^^^^
  File "C:\Users\rapha\OneDrive\Documentos\GitHub\viajantes_conectados\.venv\Lib\site-packages\django\template\backends\django.py", line 33, in get_template
    return Template(self.engine.get_template(template_name), self)
                    ^^^^^^^^^^^^^^^^^^^^^^^^^^^^^^^^^^^^^^^
  File "C:\Users\rapha\OneDrive\Documentos\GitHub\viajantes_conectados\.venv\Lib\site-packages\django\template\engine.py", line 175, in get_template
    template, origin = self.find_template(template_name)
                       ^^^^^^^^^^^^^^^^^^^^^^^^^^^^^^^^^
  File "C:\Users\rapha\OneDrive\Documentos\GitHub\viajantes_conectados\.venv\Lib\site-packages\django\template\engine.py", line 157, in find_template
    template = loader.get_template(name, skip=skip)
               ^^^^^^^^^^^^^^^^^^^^^^^^^^^^^^^^^^^^
  File "C:\Users\rapha\OneDrive\Documentos\GitHub\viajantes_conectados\.venv\Lib\site-packages\django\template\loaders\cached.py", line 57, in get_template
    template = super().get_template(template_name, skip)
               ^^^^^^^^^^^^^^^^^^^^^^^^^^^^^^^^^^^^^^^^^
  File "C:\Users\rapha\OneDrive\Documentos\GitHub\viajantes_conectados\.venv\Lib\site-packages\django\template\loaders\base.py", line 28, in get_template
    return Template(
           ^^^^^^^^^
  File "C:\Users\rapha\OneDrive\Documentos\GitHub\viajantes_conectados\.venv\Lib\site-packages\django\template\base.py", line 154, in __init__
    self.nodelist = self.compile_nodelist()
                    ^^^^^^^^^^^^^^^^^^^^^^^
  File "C:\Users\rapha\OneDrive\Documentos\GitHub\viajantes_conectados\.venv\Lib\site-packages\django\template\base.py", line 196, in compile_nodelist
    return parser.parse()
           ^^^^^^^^^^^^^^
  File "C:\Users\rapha\OneDrive\Documentos\GitHub\viajantes_conectados\.venv\Lib\site-packages\django\template\base.py", line 510, in parse
    raise self.error(token, e)
  File "C:\Users\rapha\OneDrive\Documentos\GitHub\viajantes_conectados\.venv\Lib\site-packages\django\template\base.py", line 508, in parse
    compiled_result = compile_func(self, token)
                      ^^^^^^^^^^^^^^^^^^^^^^^^^
  File "C:\Users\rapha\OneDrive\Documentos\GitHub\viajantes_conectados\.venv\Lib\site-packages\django\template\loader_tags.py", line 295, in do_extends
    nodelist = parser.parse()
               ^^^^^^^^^^^^^^
  File "C:\Users\rapha\OneDrive\Documentos\GitHub\viajantes_conectados\.venv\Lib\site-packages\django\template\base.py", line 510, in parse
    raise self.error(token, e)
  File "C:\Users\rapha\OneDrive\Documentos\GitHub\viajantes_conectados\.venv\Lib\site-packages\django\template\base.py", line 508, in parse
    compiled_result = compile_func(self, token)
                      ^^^^^^^^^^^^^^^^^^^^^^^^^
  File "C:\Users\rapha\OneDrive\Documentos\GitHub\viajantes_conectados\.venv\Lib\site-packages\django\template\loader_tags.py", line 234, in do_block
    nodelist = parser.parse(("endblock",))
               ^^^^^^^^^^^^^^^^^^^^^^^^^^^
  File "C:\Users\rapha\OneDrive\Documentos\GitHub\viajantes_conectados\.venv\Lib\site-packages\django\template\base.py", line 504, in parse
    self.invalid_block_tag(token, command, parse_until)
  File "C:\Users\rapha\OneDrive\Documentos\GitHub\viajantes_conectados\.venv\Lib\site-packages\django\template\base.py", line 555, in invalid_block_tag
    raise self.error(
django.template.exceptions.TemplateSyntaxError: Invalid block tag on line 165: 'endif', expected 'endblock'. Did you forget to register or load this tag?
ERROR 2026-03-14 13:33:57,050 runserver [35;1mHTTP GET /usuarios/perfil/ 500 [0.04, 127.0.0.1:60702][0m
